variable,scenario,model,year,mean,p05,p16,p50,p84,p95
gdp_growth,baseline,arima,2026,2.3180153487787765,-4.692017392729899,-2.130399863824481,2.431814522437932,6.577820368820372,9.098573765954399
gdp_growth,baseline,arima,2027,2.2150421064557286,-6.049585791120976,-2.6558772501482086,2.2812270803488,6.9679868268893115,10.282839550073735
gdp_growth,baseline,arima,2028,2.455102114928409,-5.902371138795127,-2.6861213753943174,2.4834438446342233,7.3077923090591375,10.721745771821578
gdp_growth,baseline,arima,2029,2.0795753946288,-7.17749848432651,-3.4861621787923394,2.0378239184368,7.766319326499038,11.288895795925248
gdp_growth,baseline,arima,2030,2.03864769147365,-8.353076760823452,-4.167296925949723,1.9319516272134636,8.436253596819764,12.1862916242276
gdp_growth,baseline,ar1,2026,1.5985516775393152,-4.865214066116757,-2.2977042140116133,1.661596311583323,5.45615363348323,8.101479991308866
gdp_growth,baseline,ar1,2027,1.3524089100397256,-5.861295742949355,-3.194394818422884,1.3018777526841951,5.877395889014957,8.615784922614948
gdp_growth,baseline,ar1,2028,1.1200095847284908,-6.228184776196022,-3.4988510222258404,1.1282954166464052,5.5751710009593705,8.460160310247666
gdp_growth,baseline,ar1,2029,1.3787888170699576,-5.746683071605003,-2.9586100904875403,1.3269253347883274,5.910316555434198,8.59257331969045
gdp_growth,baseline,ar1,2030,1.2462436377706387,-6.344217349835367,-3.3646730613327493,1.0996293577913425,5.892636359168366,8.845062966496194
gdp_growth,baseline,bvar,2026,3.0201259316300666,-3.092752513338599,-0.7359200362661567,3.0163071568001936,6.682618175017391,9.193278559010992
gdp_growth,baseline,bvar,2027,2.2598544919170993,-4.479415024983138,-1.9549272465208545,2.157262051299028,6.440222338934673,9.312410024937153
gdp_growth,baseline,bvar,2028,1.7928004832430988,-5.545205612179269,-2.7185334645032935,1.8169943605809773,6.219331514349318,9.201062836247768
gdp_growth,baseline,bvar,2029,1.4741153289404654,-6.065177129273385,-3.0954611701580066,1.4988559568081805,6.089999375004773,9.226399483264524
gdp_growth,baseline,bvar,2030,1.388617814083871,-6.433255343663254,-3.2496253910808353,1.463693420751505,5.997281232395852,9.049483290109661
gdp_growth,baseline,structural,2026,1.5464507689042697,-1.1004888668654826,-0.08671674514247707,1.5826250622024363,3.1427248730198314,4.016735319436996
gdp_growth,baseline,structural,2027,1.442688157082877,-1.4397455403749393,-0.264029297301171,1.4432431067735618,3.1519930892059027,4.418013857016607
gdp_growth,baseline,structural,2028,1.4199746752608975,-1.6282730579121973,-0.4213686129650603,1.441106817416793,3.288012177331362,4.5163224661904735
gdp_growth,baseline,structural,2029,1.4593672297222262,-1.7158619757943154,-0.5497627994472337,1.475814190223268,3.380679595898692,4.58750656390212
gdp_growth,baseline,structural,2030,1.5560794517648895,-1.8696074475937656,-0.49752498769191866,1.5849635329167722,3.6726103530201595,5.079143549080074
gdp_growth,baseline,combination,2026,1.839295436792949,-3.0304724145026496,-0.7543581457736406,1.816694673043573,4.209538016248848,7.016734568368662
gdp_growth,baseline,combination,2027,1.6765814050059935,-3.932548508481687,-1.0019371976638876,1.5544333964696142,4.573494947136686,7.518561958117096
gdp_growth,baseline,combination,2028,1.5400264026263775,-4.568139722167781,-1.432459855546319,1.5082660708654876,4.47268550091099,7.771215921050044
gdp_growth,baseline,combination,2029,1.6001704132021493,-4.156631377692452,-1.4031098362754928,1.497239209337848,4.6125193120275805,7.835442596524708
gdp_growth,baseline,combination,2030,1.5376628585012142,-5.37656337916012,-1.7596132377143732,1.5666947805366371,4.8559245810161515,8.534667185301098
gdp_growth,baseline,equal_weights,2026,2.1386255672200765,-3.682685906801387,-1.112210965214799,1.9866197725377357,5.688191766174944,8.645641697584226
gdp_growth,baseline,equal_weights,2027,1.7923244503952342,-5.008411294016274,-1.9683807531270419,1.7319536002420062,5.728289723908171,8.48951672763056
gdp_growth,baseline,equal_weights,2028,1.8075300182573202,-5.3485628608243205,-2.0842207298423463,1.7921272538745383,5.6662131268427816,9.1171781069357
gdp_growth,baseline,equal_weights,2029,1.5774155449862914,-5.657948777549062,-2.4666288490837087,1.6044102125159057,5.782738695747763,8.951389045016226
gdp_growth,baseline,equal_weights,2030,1.488822759704146,-6.386854252498918,-2.7223898397630326,1.4920039535658773,5.688412296646313,9.700488494671268
hicp_inflation,baseline,arima,2026,3.1648755009101346,-0.5611192155860514,0.9543425137900329,3.1424470127644453,5.412820703151272,6.92672671218611
hicp_inflation,baseline,arima,2027,3.205204237596737,-1.1162223333121948,0.5114623796329594,3.2754047336572545,5.876268224818479,7.628571296096157
hicp_inflation,baseline,arima,2028,3.294287843053272,-1.5607552982533208,0.312790811605844,3.306323062222676,6.237617217865567,8.104786427776896
hicp_inflation,baseline,arima,2029,3.246177607824385,-2.1725402855780853,0.07902884303093294,3.2480954923583383,6.4173614284284035,8.553453036824706
hicp_inflation,baseline,arima,2030,3.2608533704218865,-2.2113403881525913,-0.07814644127418041,3.2757446360106544,6.599026313209758,8.702491949425239
hicp_inflation,baseline,ar1,2026,2.89931623053681,-0.5661572400951109,0.8323975226364213,2.9450236954576114,4.9224144690049725,6.256756606795188
hicp_inflation,baseline,ar1,2027,2.9004365878245992,-0.9568940054726887,0.48758121167254725,2.906290320400929,5.148462402426316,6.881012831610799
hicp_inflation,baseline,ar1,2028,2.822962740529032,-1.288937393506282,0.3857862394612377,2.7542354308901578,5.352352375038004,6.897705156461191
hicp_inflation,baseline,ar1,2029,2.858931363231753,-1.1962524114235102,0.4132754335645429,2.854478820804932,5.338177048626929,6.86706616074027
hicp_inflation,baseline,ar1,2030,2.797136112380263,-1.3229069910089073,0.26588093785556555,2.7911089984302824,5.329789955328219,7.019840819127526
hicp_inflation,baseline,anchored,2026,2.5170341717670293,-1.0016766470901552,0.37860238729265216,2.4512692914857386,4.678600710172751,6.149457322074334
hicp_inflation,baseline,anchored,2027,2.1952584034549703,-1.7591289746669208,-0.11822887546060218,2.214831990371181,4.620754508856162,6.164470456828633
hicp_inflation,baseline,anchored,2028,2.1912658067354784,-2.0135642249151733,-0.2723826869354401,2.1164436799897333,4.728502313000303,6.414304152721254
hicp_inflation,baseline,anchored,2029,2.142049495582265,-2.2134396834145766,-0.55440708467569,2.166515862807437,4.823436077248111,6.492358939289709
hicp_inflation,baseline,anchored,2030,2.082699779877301,-2.2650096710071996,-0.4727024113962405,2.1639420715699655,4.519875099237049,6.2058226393950955
hicp_inflation,baseline,bvar,2026,3.7017214342953726,1.125462295048002,2.160925641024179,3.6870077772122043,5.207613912535028,6.291563184614284
hicp_inflation,baseline,bvar,2027,3.812711524350594,0.9230967244224952,2.0909614255148883,3.7812526197654464,5.619476966963247,6.895055895319877
hicp_inflation,baseline,bvar,2028,3.753205556986899,0.7270431240589205,1.8135163735614823,3.7636343435500703,5.6230914664207985,6.8902342706968245
hicp_inflation,baseline,bvar,2029,3.64174644955712,0.38547167656428094,1.6097131319040914,3.5937684102619696,5.637765150846797,6.89497589370539
hicp_inflation,baseline,bvar,2030,3.479528760010239,0.1415132323020837,1.4408471097844073,3.4247516973024714,5.538692377034082,7.0381478251542
hicp_inflation,baseline,combination,2026,3.052431180319074,-0.48753883913065976,1.0238272960945978,3.1481108904931987,5.022983919882799,6.313430026701672
hicp_inflation,baseline,combination,2027,3.037006197952039,-0.9027325769212688,0.6755616045701581,3.1079152909754253,5.351322282997395,6.7490112760534435
hicp_inflation,baseline,combination,2028,3.03385578577523,-1.0767107937218183,0.5438701565372757,3.117632537008904,5.464806448449793,6.952567259040814
hicp_inflation,baseline,combination,2029,2.9682860815387233,-1.4884482921587108,0.3739300127370719,3.044917044759632,5.53024978943212,7.058286552262957
hicp_inflation,baseline,combination,2030,2.8101663378068733,-1.3241465986769134,0.2931943357297845,2.834912454521769,5.427955970091876,6.998310995655268
hicp_inflation,baseline,equal_weights,2026,3.1286953067691154,-0.3541632056019754,1.1288374142243698,3.203724708464963,5.064323303483043,6.40216338154972
hicp_inflation,baseline,equal_weights,2027,3.061974734987249,-1.0634491065953904,0.6237065666458419,3.093723953208058,5.469649554714635,6.875013467091527
hicp_inflation,baseline,equal_weights,2028,3.0506247542279117,-1.335900401924516,0.5681211893633136,3.1916935381856497,5.504854392649786,7.206564647748201
hicp_inflation,baseline,equal_weights,2029,3.0561805759976974,-1.364241978135185,0.4680492189558137,3.0106936945644263,5.794462383497764,7.4026923641039675
hicp_inflation,baseline,equal_weights,2030,2.993304313234667,-1.5282051071144709,0.28157920884699383,2.9956799215796277,5.705892102725824,7.40364050727875
unemployment_rate,baseline,arima,2026,8.05384265454936,5.967055281658471,6.799664712495763,8.063036152492867,9.306361966427069,10.127578751112495
unemployment_rate,baseline,arima,2027,7.496072019020015,2.854441690104964,4.532664937350831,7.446718290657543,10.486545589473494,12.263980962178913
unemployment_rate,baseline,arima,2028,7.549760361297152,0.11189838743505658,3.077488716171277,7.468858383541551,12.19158568028018,15.176974249915627
unemployment_rate,baseline,arima,2029,7.33868836783998,-2.6369318685573915,1.5558257824763746,7.349755239974122,13.287907975901819,17.275689811565154
unemployment_rate,baseline,arima,2030,7.599403208075044,-4.641471634623515,0.31185464614279373,7.55711259224047,15.01811397829091,19.50165913013761
unemployment_rate,baseline,bvar,2026,8.555193744186273,5.990293759397832,6.951893534205476,8.551588266222623,10.114787201986253,11.097479989702924
unemployment_rate,baseline,bvar,2027,8.598068220109656,3.9505454017603605,5.874566210392981,8.658450432158151,11.36196284516508,12.853650972235549
unemployment_rate,baseline,bvar,2028,8.933600285199265,2.6393580517128528,5.334992268227451,8.94330994278688,12.69620861389719,14.884003495122732
unemployment_rate,baseline,bvar,2029,9.401252921740474,1.702781082376339,4.849661121402689,9.614407921112749,13.968666802095072,16.83400392653939
unemployment_rate,baseline,bvar,2030,9.841457537116977,0.7495022206389618,4.659643003874264,10.145637565315301,14.986679775764745,18.477398200344233
unemployment_rate,baseline,structural,2026,9.090452759254786,6.568240998629619,7.585483374257545,9.088559200861491,10.601476996093847,11.609926018528718
unemployment_rate,baseline,structural,2027,9.167635988168595,5.696886692149887,7.184347345573372,9.154490755478705,11.19466601916544,12.72224208471814
unemployment_rate,baseline,structural,2028,9.286069236091054,5.119354136239391,6.788796105430345,9.298702197745785,11.8062587660875,13.517209301122126
unemployment_rate,baseline,structural,2029,9.386422002207102,4.5390239056313675,6.519722581625979,9.313903906965098,12.287503131576493,14.289844723971326
unemployment_rate,baseline,structural,2030,9.51960502949872,4.281187784445222,6.229885231591554,9.470677846563477,12.650600164266573,14.750771334585409
unemployment_rate,baseline,combination,2026,8.682082982525973,6.149251040450006,7.130718373749297,8.633003532532815,10.228570477047924,11.332101478618677
unemployment_rate,baseline,combination,2027,8.58175666021697,4.09379226408028,5.965659581109278,8.698212896292393,11.142910314957195,12.715999061892965
unemployment_rate,baseline,combination,2028,8.687768871151535,2.6562363348381512,5.61256973031363,8.767020235460148,11.950350622739858,14.25639065799784
unemployment_rate,baseline,combination,2029,8.846728531715247,1.0554492163673201,4.87774323183437,9.069300353356034,12.885586511968027,15.927024927622389
unemployment_rate,baseline,combination,2030,9.102914860617679,0.05562748208941307,4.625365808276425,9.280001401031848,13.743410165204192,17.487441101284578
unemployment_rate,baseline,equal_weights,2026,8.547983929449888,6.149427956691772,7.024945089246617,8.52036309675344,10.037829011554898,11.065066111235746
unemployment_rate,baseline,equal_weights,2027,8.416605527355058,3.682008546550557,5.648181935510745,8.481581456019963,11.18702885380162,12.778276815598446
unemployment_rate,baseline,equal_weights,2028,8.581857892957657,1.8476177276173869,5.053649876591958,8.657687066516662,12.254274900300938,14.688270426643285
unemployment_rate,baseline,equal_weights,2029,8.745646753749009,0.47251296363884615,4.414721757816933,9.02653476240284,13.069186033951283,16.333543156361348
unemployment_rate,baseline,equal_weights,2030,8.922867693166603,-1.3326557275936475,4.017122818150574,9.142056096445852,13.909382959890417,17.577731189255864
investment_growth,baseline,arima,2026,5.916248659138346,-10.913212752080447,-3.792319071201566,5.5598155584611515,15.63390916877304,22.464598410601276
investment_growth,baseline,arima,2027,4.924935303783735,-14.603121414434309,-6.393378502660165,5.110038608297655,16.510761923907335,24.05121638059649
investment_growth,baseline,arima,2028,4.036077702651068,-16.355628433988578,-8.403986680730773,3.9412405988816595,16.64689391813134,24.904128172013994
investment_growth,baseline,arima,2029,3.3516655363419185,-18.335310927472285,-9.775963244849045,3.603390361032736,16.01659522015488,23.89200289691982
investment_growth,baseline,arima,2030,2.7806001121334094,-18.728124172843497,-10.448196150858765,2.6867582157117655,16.12007449191306,24.79427053840272
investment_growth,baseline,ar1,2026,6.359127744836511,-9.303179544318366,-3.1574211456820747,6.092449671627936,16.399917999835615,21.868508792427694
investment_growth,baseline,ar1,2027,4.609636483925883,-14.135513358990748,-6.831012224437905,4.6301147880055815,15.675206064821712,23.29014481224589
investment_growth,baseline,ar1,2028,3.610175646616048,-15.187434757312571,-8.261644768422288,3.4324284721702476,15.145051192761686,23.280975732059417
investment_growth,baseline,ar1,2029,3.0743885849806203,-15.72420808259634,-8.428915304876062,2.9771821733463533,14.805466162503594,22.27668562509955
investment_growth,baseline,ar1,2030,2.8912000447226194,-16.09402116725152,-8.282123925045282,2.5701344981954937,14.951279846645688,21.742379934528827
investment_growth,baseline,bvar,2026,5.8600891136038005,-10.431411473716699,-4.101633549248783,6.056981016352107,15.610344830592611,22.128720793106776
investment_growth,baseline,bvar,2027,3.5695664360264745,-14.220749825321828,-7.067106946401267,3.313601976036317,14.645054516414172,22.1968927205961
investment_growth,baseline,bvar,2028,2.2119339038233607,-17.305537142494526,-8.855512404058622,2.2790832974730364,13.561291510296643,21.637070579555836
investment_growth,baseline,bvar,2029,1.1645618029567242,-18.080269730920396,-10.4318531955221,1.0828254451629737,12.907594174579248,20.845392002241237
investment_growth,baseline,bvar,2030,1.3032957040987154,-18.64320707326551,-10.243886569077247,1.2129880617904465,13.042495066617976,21.349914780530128
investment_growth,baseline,combination,2026,5.924840505022055,-10.373830762217734,-3.9611007462734484,6.00650759472812,16.079402590217885,21.779499639581285
investment_growth,baseline,combination,2027,4.232162451299623,-13.906579609958364,-6.911730752737445,4.13921904607936,15.47771919488118,22.79820337073381
investment_growth,baseline,combination,2028,3.173520492841716,-16.41029006859824,-8.439871397725803,3.1553031181057176,14.95458105273801,22.932501078055243
investment_growth,baseline,combination,2029,2.787835416621569,-16.835354186606736,-9.321272847331931,2.5289650816492903,15.028921893922728,23.010348492474133
investment_growth,baseline,combination,2030,2.283134741325968,-17.022442925537106,-9.695167248522955,2.020775278718427,14.475359639414533,22.019842013022146
investment_growth,baseline,equal_weights,2026,5.928247783841996,-9.694732879659847,-3.515424650498525,5.557128819565904,16.104406428648034,21.928254940098014
investment_growth,baseline,equal_weights,2027,4.146786593067641,-15.018622518423875,-7.376539488561334,4.248972023028006,15.687674383669485,23.10081855661903
investment_growth,baseline,equal_weights,2028,3.302819976686947,-16.338652489314317,-8.611649055823063,3.1646917313816814,14.951605828172239,23.991572665556877
investment_growth,baseline,equal_weights,2029,2.716884111705698,-17.22227813923798,-9.324155855452913,3.0882519782561815,14.543302687660765,21.840634976641365
investment_growth,baseline,equal_weights,2030,2.2325460295170187,-17.764334294104163,-9.525240641028244,1.897053745986231,14.590535206208944,22.442811041883857
current_account_pct_gdp,baseline,arima,2026,-5.6355009562673315,-9.440667758098257,-8.00596005266337,-5.677718115861975,-3.2091926226871745,-1.6918806545381835
current_account_pct_gdp,baseline,arima,2027,-5.653801266562824,-11.209558464996075,-8.988318645580614,-5.63226724118854,-2.3230787217557225,-0.3628485031902544
current_account_pct_gdp,baseline,arima,2028,-5.562010639480064,-12.375739102237043,-9.44313810624446,-5.558892802909354,-1.4060934201460604,0.8888584144548304
current_account_pct_gdp,baseline,arima,2029,-5.646195408485486,-13.25898357597848,-10.163385282021748,-5.7814897150110784,-0.9076011592696261,2.0117475047149833
current_account_pct_gdp,baseline,arima,2030,-5.599871164132636,-14.188273817982509,-11.018296367131843,-5.599197120324003,-0.17364395233105986,3.048470177923502
current_account_pct_gdp,baseline,ar1,2026,-5.726932151327379,-9.330371761588003,-7.857683407861563,-5.735496409939135,-3.5599775644218967,-2.247944093742158
current_account_pct_gdp,baseline,ar1,2027,-5.724377417421378,-10.361878698964182,-8.58310006208447,-5.736760958524853,-2.942415667282411,-1.2049307450138789
current_account_pct_gdp,baseline,ar1,2028,-5.650960366280732,-10.677892568912556,-8.721799313511685,-5.758588744584131,-2.5268696599217093,-0.3161333387029031
current_account_pct_gdp,baseline,ar1,2029,-5.71221224947826,-11.093311839333929,-8.933876411242693,-5.682529917962059,-2.4965162307705198,-0.5124778398199219
current_account_pct_gdp,baseline,ar1,2030,-5.765824856222131,-11.337020320681093,-8.96731185300039,-5.773923705904144,-2.482504785669036,-0.09550029794210904
current_account_pct_gdp,baseline,bvar,2026,-7.720718102567548,-11.28980003968025,-9.941359248976317,-7.748978444067075,-5.509670441354698,-3.986322450524727
current_account_pct_gdp,baseline,bvar,2027,-8.398462285586755,-12.889174268466531,-11.06502971476836,-8.389629117669825,-5.771556392469642,-4.066735431782513
current_account_pct_gdp,baseline,bvar,2028,-8.486669882656035,-13.296137529380387,-11.407734461021915,-8.398273535238385,-5.691436828698257,-3.8971491035800008
current_account_pct_gdp,baseline,bvar,2029,-8.460362319767968,-13.29699199048667,-11.379322218262992,-8.494641065665881,-5.565657947547424,-3.3314923697400403
current_account_pct_gdp,baseline,bvar,2030,-8.358447325507155,-13.529450203519305,-11.509316825435397,-8.303601610380287,-5.290464199294406,-3.23306689805189
current_account_pct_gdp,baseline,combination,2026,-6.252578610095976,-10.221456237881267,-8.62846950819742,-6.294835533158131,-3.8297691248628922,-2.2641930031807456
current_account_pct_gdp,baseline,combination,2027,-6.589387134131136,-11.852760548650114,-9.761208605814907,-6.589591564705913,-3.441769920164785,-1.2656441188960839
current_account_pct_gdp,baseline,combination,2028,-6.515202296273785,-12.31294433620495,-9.92492564959576,-6.60740956376678,-2.9582580661653157,-0.45523575902220953
current_account_pct_gdp,baseline,combination,2029,-6.45254424580896,-12.33781666490453,-10.08503332731136,-6.630769457678517,-2.69438913807162,0.0382668540819465
current_account_pct_gdp,baseline,combination,2030,-6.459520956234075,-13.081757210983433,-10.565340209091385,-6.586805336374228,-2.5123282615972,0.6364766447548598
current_account_pct_gdp,baseline,equal_weights,2026,-6.353786486039749,-10.391789418566466,-8.775621126087058,-6.375429231354421,-3.9610815243267954,-2.3433682141263366
current_account_pct_gdp,baseline,equal_weights,2027,-6.732319852657628,-12.01516329829924,-9.83660310503968,-6.732359725094477,-3.542712045611462,-1.515713026105025
current_account_pct_gdp,baseline,equal_weights,2028,-6.593707309706563,-12.432145155212039,-10.047047507637114,-6.7066197490595405,-2.746931165227585,-0.4230338970348485
current_account_pct_gdp,baseline,equal_weights,2029,-6.7224897086569015,-12.78545643690346,-10.627919989425397,-6.931191062216005,-2.819251705913921,0.15562478830821105
current_account_pct_gdp,baseline,equal_weights,2030,-6.576825043312814,-13.180222799576446,-10.809688556305613,-6.74503752809628,-2.538597106542657,0.7772838367311322
tfp_growth,baseline,arima,2026,1.5698824224695958,-2.9170748089070946,-1.1351988098474124,1.6005434843960502,4.241667440281994,6.074370889932502
tfp_growth,baseline,arima,2027,1.5181587989563872,-3.679766862065684,-1.5451971927339065,1.5573226159011566,4.4949587658618375,6.564238260909905
tfp_growth,baseline,arima,2028,1.4883661653147224,-4.047755787358648,-1.7964647098716358,1.453045902560679,4.775176155733276,7.019467431324147
tfp_growth,baseline,arima,2029,1.5246964935341734,-4.4518712755941126,-2.1846102918096912,1.5673598867685454,5.133564158265262,7.596905904007164
tfp_growth,baseline,arima,2030,1.5134094191051795,-5.041002883542047,-2.6400621985553023,1.5585744176214553,5.545121439587888,7.9295184913674746
tfp_growth,baseline,ar1,2026,1.3277456149736513,-2.9067017180794625,-1.2059139139260504,1.3897212311780285,3.721588210300048,5.584581464943424
tfp_growth,baseline,ar1,2027,0.9033652855752565,-3.5419508497325114,-1.867694717265211,0.9273872503467748,3.5703434295015173,5.249799561854536
tfp_growth,baseline,ar1,2028,0.6665263504981885,-4.1164303766911035,-2.169364186063526,0.6721315271080914,3.546887325116942,5.337012292659554
tfp_growth,baseline,ar1,2029,0.619160671981447,-3.9894660603824392,-2.1428316919860153,0.6641222283309542,3.4567031045369454,4.995574247181572
tfp_growth,baseline,ar1,2030,0.6985029969307328,-3.9930937058708293,-2.055129123491893,0.6752535646000262,3.4816985029671956,5.326044828163042
tfp_growth,baseline,llt,2026,1.506715643012689,-3.4403173221290673,-1.2342390075435465,1.5057750165985104,4.281515816590037,6.186934097365133
tfp_growth,baseline,llt,2027,1.569669531552535,-3.8698442699508675,-1.647230382805802,1.6207184205866392,4.869915738424316,7.010988072456754
tfp_growth,baseline,llt,2028,1.6364913122702547,-4.140309424829353,-1.9844317514134542,1.6811346909292575,5.275554938462144,7.599773470710365
tfp_growth,baseline,llt,2029,1.5501409346266664,-5.050808702845755,-2.4618453774165694,1.5180892114295093,5.514894083481354,8.263985688599032
tfp_growth,baseline,llt,2030,1.5695713611007902,-5.802624685460165,-2.990300214146722,1.5182270079625761,6.09153719866012,9.121345916916408
tfp_growth,baseline,combination,2026,1.4121161660224566,-2.9600669212265847,-1.258306701749415,1.4302391570323367,4.0682790485093,5.9186552490656235
tfp_growth,baseline,combination,2027,1.270216153364091,-3.540751950033255,-1.6765712576370284,1.3286549298237293,4.183685410996163,6.44113788809585
tfp_growth,baseline,combination,2028,1.1249511090455935,-3.9911128664520614,-2.036578549036554,1.033394001636803,4.229584979432018,6.520075416527964
tfp_growth,baseline,combination,2029,1.1391888870386726,-4.4459249590518235,-2.230734420029244,1.0675359958327384,4.476182888160922,7.008691873582464
tfp_growth,baseline,combination,2030,1.2646509998663005,-4.591734685562872,-2.3134962632174516,1.1375673419096501,4.852652166852008,7.396254169968775
tfp_growth,baseline,equal_weights,2026,1.490140907481994,-3.011273883589124,-1.202746633859253,1.517056277749119,4.178135647078779,5.926801668523808
tfp_growth,baseline,equal_weights,2027,1.376051224832276,-3.5072283108707394,-1.6404171554486593,1.4024054486737434,4.347019871713799,6.420936700733226
tfp_growth,baseline,equal_weights,2028,1.3396287900844215,-4.1345905115137676,-2.0258191257143165,1.3269009152492028,4.630762134570178,7.024165582141385
tfp_growth,baseline,equal_weights,2029,1.3187639475551156,-4.2754560338586085,-2.075105496202359,1.2325628286139145,4.775463038897302,7.288284521872678
tfp_growth,baseline,equal_weights,2030,1.2888268863878813,-4.614945809387655,-2.4231433084981173,1.1090163424100843,5.128894500544934,7.609871618377782
fertility_rate,baseline,arima,2026,1.2545182591207737,1.195939828824921,1.2196284062758282,1.2544082866222082,1.2899643278844275,1.311841882846267
fertility_rate,baseline,arima,2027,1.2780006777830442,1.1864949623306138,1.221073076184472,1.2782168804781198,1.3334288853737901,1.3713954548005505
fertility_rate,baseline,arima,2028,1.2993876056867615,1.1903716195722702,1.2346168945690086,1.2998160893376058,1.36596812559521,1.4106650284127624
fertility_rate,baseline,arima,2029,1.321569010757709,1.2029101778790745,1.2515631046629447,1.3230424659929474,1.393497975779638,1.4373413107184103
fertility_rate,baseline,arima,2030,1.3309985660429955,1.2114004998025831,1.2584034076880612,1.3314194646850273,1.3996740747275382,1.4516621824119262
fertility_rate,baseline,llt,2026,1.2121538629727369,1.1394980090374862,1.1683734128812546,1.212117791283207,1.2564939775861461,1.2844980188765207
fertility_rate,baseline,llt,2027,1.1837953049383139,1.0626997104107418,1.1074555646759263,1.1843872193784017,1.2585395811653137,1.3046134357648704
fertility_rate,baseline,llt,2028,1.1580902228913024,0.9836114545895382,1.0548279403336138,1.1603043388534071,1.2607550872610003,1.3264522001008257
fertility_rate,baseline,llt,2029,1.126303205425322,0.911697569357273,0.997149447526581,1.1254751338873057,1.25349871024554,1.3456120870187418
fertility_rate,baseline,llt,2030,1.099267432583235,0.8305573844690414,0.9350260659420552,1.1002962747134808,1.2572355170408513,1.3651091103268838
fertility_rate,baseline,ar1,2026,1.254681243542638,1.1910938941228768,1.2165134880782984,1.2541225841153287,1.2934172012621228,1.3177875894031439
fertility_rate,baseline,ar1,2027,1.2684063332285724,1.1846129791271887,1.2163094699866968,1.2696797683764496,1.3192695677588935,1.3525227430691023
fertility_rate,baseline,ar1,2028,1.2790480912222408,1.182896813209657,1.2229892890610896,1.2780476527311673,1.3385939887934402,1.3766980154123971
fertility_rate,baseline,ar1,2029,1.285903754869737,1.1843104470674728,1.2234565000094753,1.2854492036609608,1.3491434413503636,1.3877612669293227
fertility_rate,baseline,ar1,2030,1.2957144734002515,1.1848813282490653,1.23089980785889,1.2967593245796443,1.3603843718273099,1.4046190558825657
fertility_rate,baseline,combination,2026,1.2486992127524204,1.1775600026568782,1.2086238625013206,1.249723529693464,1.2903214200691029,1.3133113352610162
fertility_rate,baseline,combination,2027,1.2577993036283184,1.1472512164906723,1.19842368317485,1.2619789541107949,1.3187443490361184,1.354457837162446
fertility_rate,baseline,combination,2028,1.2683112201132134,1.117452748335761,1.20132827716417,1.275535076371861,1.3416696913591906,1.3887045106097506
fertility_rate,baseline,combination,2029,1.2715688260236004,1.0593963902667571,1.1937735943226633,1.285460255393997,1.3620536396797602,1.4081526551484382
fertility_rate,baseline,combination,2030,1.2770834475836281,1.0154598546407203,1.20036699066584,1.2966134813461099,1.373338490147054,1.4211295783301985
fertility_rate,baseline,equal_weights,2026,1.2410955344877377,1.1660041966546064,1.1992243677236363,1.2429957523236306,1.2833085227782897,1.3114650170404802
fertility_rate,baseline,equal_weights,2027,1.2441321570844257,1.0993582379755904,1.1690276602362322,1.2544309818161454,1.3179944740249925,1.3540348700590683
fertility_rate,baseline,equal_weights,2028,1.2475142085982003,1.0418192728913371,1.146290800026378,1.262675647757692,1.3404477766039717,1.3897202640022621
fertility_rate,baseline,equal_weights,2029,1.2438854883122141,0.9882972843139596,1.1149314389350165,1.270259982526154,1.3564687465649699,1.4087135111651614
fertility_rate,baseline,equal_weights,2030,1.2410581161858878,0.9251441776920502,1.0884569353575044,1.277146457187924,1.3726706497425567,1.421750230732168
public_debt_pct_gdp,baseline,arima,2026,146.20934195348647,127.21192890356821,135.03197234102024,146.08237411790083,157.33415619312333,165.69116878398358
public_debt_pct_gdp,baseline,arima,2027,146.0749649218471,121.13540057266813,131.0655689077707,145.99763222643233,161.17914242690136,171.31015640986737
public_debt_pct_gdp,baseline,arima,2028,146.48429472904124,114.35521830427494,126.62558269447237,146.84644146349598,166.34078611668892,178.85069421429372
public_debt_pct_gdp,baseline,arima,2029,146.23542728302996,111.96278983117469,124.42159965654176,146.17243738674193,168.0277283857929,181.39676024441727
public_debt_pct_gdp,baseline,arima,2030,145.84320796328555,105.23477694835276,121.4754609840034,145.99355189106515,170.5836033347259,186.44518696713618
public_debt_pct_gdp,baseline,llt,2026,138.3839837607338,119.83420931899184,127.3416134554044,138.005929629697,149.56174943318035,157.6273949005221
public_debt_pct_gdp,baseline,llt,2027,131.06884919032973,101.55883041459809,112.95194069580224,131.2583533058425,148.40895440467006,162.12125412446392
public_debt_pct_gdp,baseline,llt,2028,122.65489094875839,80.81321563851529,96.66992579840908,122.8807745483698,148.68874656619874,164.22012688550427
public_debt_pct_gdp,baseline,llt,2029,113.96795943436604,57.06467526093965,80.48115516729345,115.0948220769987,145.9342587132318,167.5800578737646
public_debt_pct_gdp,baseline,llt,2030,107.2102555852803,40.88550495615236,66.76842347302546,107.57810252309856,147.17125250807956,172.9019928432773
public_debt_pct_gdp,baseline,structural,2026,136.7787009879695,130.2030098292628,132.97355363092592,136.6936468595373,140.70210409563057,143.62084774240157
public_debt_pct_gdp,baseline,structural,2027,128.82028308179676,117.96075258603591,122.28510096842099,128.67519387712363,135.29089322676552,139.95017323942642
public_debt_pct_gdp,baseline,structural,2028,122.26133701560656,107.51032598993656,113.28661271156818,121.87080391435302,131.36534404748357,137.83941246727946
public_debt_pct_gdp,baseline,structural,2029,116.81973675802067,97.70670342344269,105.40573939121049,116.3291226923588,128.35834555027898,136.71088865306538
public_debt_pct_gdp,baseline,structural,2030,112.37362153251952,89.27145768167283,98.14971865058236,111.93693988951202,126.32239258332125,137.59282238818557
public_debt_pct_gdp,baseline,combination,2026,139.86643614249766,126.85450035168957,132.53415880154694,138.09648234867004,148.1124386977036,157.98182067066094
public_debt_pct_gdp,baseline,combination,2027,134.05112801346374,113.35209352464166,122.33641061525354,131.55532387909085,148.4286959377672,162.10730315534028
public_debt_pct_gdp,baseline,combination,2028,128.5202689251007,98.51197200589806,112.33395147328231,125.54156489210303,148.2228581500898,166.34497809011123
public_debt_pct_gdp,baseline,combination,2029,123.99901675429419,85.9258433084054,103.86189830180858,121.50912753922647,149.42125099376872,169.71705609667407
public_debt_pct_gdp,baseline,combination,2030,120.39241989381644,76.03747416697428,96.78003654798529,117.6673356176799,148.25033565579957,172.33722634102875
public_debt_pct_gdp,baseline,equal_weights,2026,140.40774197530627,125.27038264407572,131.931993974641,138.90541702103502,150.7215967507241,159.31371518378813
public_debt_pct_gdp,baseline,equal_weights,2027,135.14564697821112,110.80071816783952,121.44017155219517,133.0564063098211,151.53549719485008,164.7340859879137
public_debt_pct_gdp,baseline,equal_weights,2028,130.33441457902464,93.78346328867633,111.40466435845111,128.12603083641676,152.18484878921072,169.4811918258734
public_debt_pct_gdp,baseline,equal_weights,2029,125.3932121498125,80.02870345479447,102.28400822127469,123.80511932587845,152.95075494173153,172.16028617056332
public_debt_pct_gdp,baseline,equal_weights,2030,121.08695812829275,62.54653331934905,93.32648883963111,119.87287750076592,153.3513651447382,174.68012967179456
private_debt_pct_gdp,baseline,arima,2026,95.50919354163014,84.80748041369488,88.785107826,95.5341343195648,102.18228888503472,106.54178881979516
private_debt_pct_gdp,baseline,arima,2027,94.10527324515552,76.99555618641077,83.85022544753521,94.13395266980703,104.09065642985232,110.59296182039648
private_debt_pct_gdp,baseline,arima,2028,93.66137401488972,70.90391537155435,80.1964248259319,93.51934503850124,107.45063605973834,115.92654473640519
private_debt_pct_gdp,baseline,arima,2029,92.05791295404508,63.88799558732005,74.3549440101503,92.47314186743249,109.54547438382323,120.50584853449497
private_debt_pct_gdp,baseline,arima,2030,92.2933875247657,57.20099627832687,71.01667698063932,92.36713998281854,113.31605268772928,126.46232343953085
private_debt_pct_gdp,baseline,llt,2026,94.33648056368155,83.43594180001138,87.41857317403748,94.39880310652222,101.21852517812502,105.17433096267426
private_debt_pct_gdp,baseline,llt,2027,92.03950811351537,74.63693627781515,81.14489616542198,92.08299398037454,103.16867460114676,109.76289300850063
private_debt_pct_gdp,baseline,llt,2028,89.38409799588483,63.87657225003155,74.184019252522,89.86143287607007,104.11839789105191,114.08141490337519
private_debt_pct_gdp,baseline,llt,2029,86.54139026763951,54.59872909782022,67.57149935627793,86.43194123695244,105.78927028353652,117.95873914800968
private_debt_pct_gdp,baseline,llt,2030,84.80665398868521,45.371186243612215,61.108449802025234,84.44219264288733,108.45965539164088,125.94659175979058
private_debt_pct_gdp,baseline,structural,2026,96.46257461732012,90.83901214816095,92.92777839863484,96.44195332048747,99.9846888045897,102.33656450499574
private_debt_pct_gdp,baseline,structural,2027,95.94507050508889,86.11413708774015,89.66818947358088,95.80078289040726,102.10147525252295,106.24750331104248
private_debt_pct_gdp,baseline,structural,2028,95.38777767565594,81.42530578718387,86.67737891223682,94.995435950301,104.2385827569658,109.87943364439381
private_debt_pct_gdp,baseline,structural,2029,94.877977735859,77.54321188994588,84.01783410849909,94.17724340774137,106.198703358616,113.4700726007203
private_debt_pct_gdp,baseline,structural,2030,94.60247230793524,73.81862944358467,81.29895208356166,93.8238862806231,107.67332925068133,118.60022331592356
private_debt_pct_gdp,baseline,combination,2026,95.5375709352583,85.84429746293392,90.53889452253752,95.74765566411847,100.54018069968052,103.85428727934794
private_debt_pct_gdp,baseline,combination,2027,94.39659208716344,79.97782674174833,86.48650455346639,94.74775150298203,102.79649008911409,107.76629786825434
private_debt_pct_gdp,baseline,combination,2028,93.65358503552395,73.01065675359494,82.65429693477334,93.99213862352795,105.34469544412616,112.01816432427744
private_debt_pct_gdp,baseline,combination,2029,92.33990464201537,66.06588906421241,77.78742224210355,92.70657610376436,107.19355914346846,117.2528760306421
private_debt_pct_gdp,baseline,combination,2030,91.86628987953401,58.25003148824228,74.5385801074459,92.51669862944198,109.53726138914934,123.14800961760331
private_debt_pct_gdp,baseline,equal_weights,2026,95.46658280209073,85.00943821894425,89.7428686331659,95.63191518647216,100.93186418723194,105.25075836450921
private_debt_pct_gdp,baseline,equal_weights,2027,93.9487666619619,78.08722417243497,84.76845239177483,94.57151114536278,103.1577974788129,108.71623031649548
private_debt_pct_gdp,baseline,equal_weights,2028,92.63800857257766,69.6523981971047,80.33923713059787,93.20362792567477,105.2940326597035,114.37989130019369
private_debt_pct_gdp,baseline,equal_weights,2029,91.65884229411377,61.88598598305064,75.6642703584278,92.23297593608564,107.46664265666165,118.7105732473674
private_debt_pct_gdp,baseline,equal_weights,2030,89.99037052788117,54.70716848771828,71.3092178876997,90.50653567528285,109.25395390477998,122.08933997409943
potential_growth,baseline,arima,2026,1.9297800717025486,0.8631292263671261,1.2947273516014248,1.9297148413325544,2.569803149372441,3.005096846632699
potential_growth,baseline,arima,2027,2.1312777777911878,0.22719678831901824,0.9735385253388701,2.1296610734918353,3.3029084302433738,4.014565593319636
potential_growth,baseline,arima,2028,2.221587138874618,-0.3491238160998671,0.6045064026945308,2.214983742659899,3.824932945636063,4.856955895212952
potential_growth,baseline,arima,2029,2.2812819030435634,-1.0778496627172172,0.30733773976105755,2.325854723065911,4.248134288197504,5.589032921031029
potential_growth,baseline,arima,2030,2.263221525707981,-1.7927181399808372,-0.1569942344578965,2.2988911389986146,4.717989781487776,6.193063257381101
potential_growth,baseline,ar1,2026,1.598975105625147,0.37252332006891586,0.8415901740682605,1.6079801308071489,2.3508466749827526,2.8254796131715354
potential_growth,baseline,ar1,2027,1.6342599480807127,-0.034734879134717955,0.6174661302876878,1.6382538336451065,2.679218968576607,3.3537020907506045
potential_growth,baseline,ar1,2028,1.6138905610765517,-0.3912375136669159,0.37722740554385153,1.6429354329856984,2.8060940840316912,3.492640271463429
potential_growth,baseline,ar1,2029,1.5588796217766532,-0.7628913330063163,0.2080406048421105,1.5623901372890132,2.900727103428062,3.808744654897285
potential_growth,baseline,ar1,2030,1.5169854984802496,-0.788016270283753,0.049113065949133894,1.5100895660097886,2.8856567798597874,3.87778108662021
potential_growth,baseline,structural,2026,1.7275373735998343,-0.9241225188391156,0.09145745091863677,1.7637761760945447,3.3266580947609756,4.202227153842714
potential_growth,baseline,structural,2027,1.5876161686622536,-1.2989355721151024,-0.12153961983424769,1.5881719111922932,3.299363131546649,4.567192623828563
potential_growth,baseline,structural,2028,1.5360237610625747,-1.5157119079324821,-0.30742647114487825,1.5571800835220695,3.4061987517791597,4.6359145259636145
potential_growth,baseline,structural,2029,1.5523276535279567,-1.625810801875368,-0.4586432069426617,1.568789683277505,3.4754003895618393,4.683333092298968
potential_growth,baseline,structural,2030,1.6305732825223331,-1.7976264407015774,-0.42453752526201194,1.6594785508435628,3.748656710180766,5.1562216322232945
potential_growth,baseline,combination,2026,1.751370877331303,-0.352116396294766,0.6914642595986664,1.786352371132638,2.8434157450664936,3.6599078877262556
potential_growth,baseline,combination,2027,1.7632861076462243,-0.665345339584429,0.32307927192665975,1.7813160182912875,3.1846035319995245,4.213909866760357
potential_growth,baseline,combination,2028,1.7493589315282878,-1.0700823231045706,0.1034053247720666,1.8006577695733745,3.3551316456166305,4.377073621489214
potential_growth,baseline,combination,2029,1.6654118384848597,-1.3921640506251531,-0.17213481117314858,1.6638674778632099,3.4466914736659646,4.697765980805186
potential_growth,baseline,combination,2030,1.7916468873762241,-1.5421251340569808,-0.23509899939949586,1.7190300175034767,3.838711167833185,5.404751166563973
potential_growth,baseline,equal_weights,2026,1.7612992014205893,-0.14717117232687862,0.8221969526860712,1.7718656940917974,2.7324091839378144,3.543666902877698
potential_growth,baseline,equal_weights,2027,1.8011910625461636,-0.4035710174247398,0.496137101234071,1.8142596601453158,3.1016897020247987,4.099528417152546
potential_growth,baseline,equal_weights,2028,1.7935310158190592,-0.8673822528165768,0.25368360433213466,1.8320550191682354,3.337653525038345,4.535487476735009
potential_growth,baseline,equal_weights,2029,1.8249399363140493,-1.147685882955974,-0.014835692469547308,1.822503387809285,3.625651893774522,4.8843308893287505
potential_growth,baseline,equal_weights,2030,1.812543863997731,-1.6871524936495674,-0.18611275620581585,1.7708663842313639,3.811771940158899,5.304981513360825
gdp_pc_pps,baseline,arima,2026,28842.65706418722,27155.07167678945,27830.946827987034,28835.41115883032,29853.049780215377,30539.135811005068
gdp_pc_pps,baseline,arima,2027,28918.82662018311,26178.90928764655,27193.970091998224,28964.049318086094,30598.586707880833,31596.994621617134
gdp_pc_pps,baseline,arima,2028,29014.610647327474,25263.555458212093,26801.889315344044,29057.06801838675,31209.581773435897,32735.955425242442
gdp_pc_pps,baseline,arima,2029,28964.1064698698,24393.102556584065,26276.65143397948,28979.04059627468,31661.144421573474,33379.44101791479
gdp_pc_pps,baseline,arima,2030,28965.82284349874,23846.479190944094,25813.201643273787,28901.47054717409,32086.230218647004,34281.25967306366
gdp_pc_pps,baseline,llt,2026,29748.914910684583,27939.161092951766,28625.818347564582,29805.46152422564,30882.556905360412,31576.421567124635
gdp_pc_pps,baseline,llt,2027,31145.487278961547,27918.15027653484,29203.913140760567,31196.719457982585,33041.08878276538,34327.721017484815
gdp_pc_pps,baseline,llt,2028,32541.62827848308,27768.297195997984,29586.735794768727,32541.88486856444,35458.90534187729,37190.877918579536
gdp_pc_pps,baseline,llt,2029,33736.315525478145,27156.57190894642,29619.7872776339,33754.051237503205,37788.411119139666,40276.89487378114
gdp_pc_pps,baseline,llt,2030,35313.62114555087,26818.45267676461,29876.145397924345,35234.501626423924,40436.01053288089,43947.24967006727
gdp_pc_pps,baseline,structural,2026,29881.857654708405,28907.881912427012,29291.808754907688,29871.82515467832,30485.484161232784,30836.440650312426
gdp_pc_pps,baseline,structural,2027,31243.538939522194,29539.890205639313,30185.98006922125,31223.885211722707,32316.902328334967,33018.06442512272
gdp_pc_pps,baseline,structural,2028,32603.561266211767,30097.18389261061,31107.19261703859,32540.82606684648,34127.91727062264,35232.564483912516
gdp_pc_pps,baseline,structural,2029,33986.666007405955,30662.18097389009,31902.889869108523,33887.799222867005,36061.39886011985,37505.99119722304
gdp_pc_pps,baseline,structural,2030,35440.55876780682,31307.122187857356,32841.02778452201,35266.56407390983,38083.50329694143,40061.0158893592
gdp_pc_pps,baseline,combination,2026,29559.924793153594,27772.255643948338,28641.1949336812,29644.504293854938,30494.359705935432,30963.81177044543
gdp_pc_pps,baseline,combination,2027,30603.061516312988,27199.816566284204,28783.94364400181,30817.79236174363,32255.613528191363,33320.827062256765
gdp_pc_pps,baseline,combination,2028,31532.108520042068,26935.593774266166,28854.911399360186,31800.72178877356,34073.870703650464,35491.87578793651
gdp_pc_pps,baseline,combination,2029,32448.56007789746,26217.413371413426,28727.67726005852,32764.829416993693,35887.79977817371,37940.604368994216
gdp_pc_pps,baseline,combination,2030,33556.55367874253,25900.790383985965,28669.21225085839,34001.59798908567,37843.47525609042,40322.03816524042
gdp_pc_pps,baseline,equal_weights,2026,29494.183313537178,27636.41240777986,28445.857576900435,29605.241659705025,30473.094640427305,31078.411203466167
gdp_pc_pps,baseline,equal_weights,2027,30447.532583314296,27001.153651342487,28445.419120910727,30639.720994086514,32251.772989597892,33381.19259905881
gdp_pc_pps,baseline,equal_weights,2028,31354.481151194002,26629.79720194262,28347.660230507652,31577.256425542175,34074.15064138899,35737.76894714098
gdp_pc_pps,baseline,equal_weights,2029,32234.586304670887,25957.061371854175,28163.878720467885,32370.066192917646,35979.77438063968,38403.46457799109
gdp_pc_pps,baseline,equal_weights,2030,33176.395469607356,25355.076068163125,28067.109911479183,33220.79357591469,37985.156480111254,41209.15210092144
population_mn,baseline,arima,2026,10.373108538255693,10.336123333997588,10.351340730527737,10.373261960578821,10.394530759245313,10.409869722969308
population_mn,baseline,arima,2027,10.392609145645878,10.318007520810578,10.346872490673313,10.392493102246391,10.43866891242846,10.466235829464592
population_mn,baseline,arima,2028,10.418436996319182,10.30102993725392,10.34802462957489,10.417075427121006,10.489477673249189,10.54075284488563
population_mn,baseline,arima,2029,10.452536461695855,10.296825496606052,10.353385443874306,10.451390269677944,10.548632494723641,10.616737955376385
population_mn,baseline,arima,2030,10.486484161142334,10.281019928208277,10.36117958455636,10.48640562816022,10.60966680546198,10.689353130708
population_mn,baseline,llt,2026,10.361077979408533,10.320590592009815,10.337226828847871,10.361530873303476,10.385696738877565,10.399728403995049
population_mn,baseline,llt,2027,10.3566412863088,10.268505716673873,10.300905918467551,10.355888300958457,10.410970565834663,10.446435211262546
population_mn,baseline,llt,2028,10.350272155760711,10.205938171958739,10.257947733405347,10.349188593217232,10.44182925253925,10.503455077431711
population_mn,baseline,llt,2029,10.342615872799303,10.123676889434247,10.205031283093232,10.34768250133088,10.476761194312447,10.559506760520957
population_mn,baseline,llt,2030,10.330581380855843,10.040210871458733,10.15207663730333,10.336151553357551,10.5017542137497,10.635989454686968
population_mn,baseline,structural,2026,10.354936931286767,10.322430624783195,10.335623281669235,10.354181733015498,10.37483239521061,10.387962485939301
population_mn,baseline,structural,2027,10.340630250653998,10.28090562266449,10.303209049456425,10.340483095600305,10.377868984875251,10.400654163048587
population_mn,baseline,structural,2028,10.323236701708598,10.240512093909809,10.271495652104623,10.32347828652036,10.375006355521219,10.40823887996511
population_mn,baseline,structural,2029,10.304618744249119,10.198018968442922,10.239143601397094,10.303045844740975,10.370292013637119,10.412096990569651
population_mn,baseline,structural,2030,10.284417641131869,10.152014220160924,10.207631170840422,10.283259973514268,10.361692388719977,10.416029286082647
population_mn,baseline,combination,2026,10.361361826563112,10.323707048006764,10.338215369870706,10.36121260368193,10.384778899223127,10.399716859962908
population_mn,baseline,combination,2027,10.358562937111422,10.283079918478716,10.30905829948488,10.354876293475623,10.407818135400783,10.444121470338215
population_mn,baseline,combination,2028,10.357229883193614,10.238121496767345,10.283677293263574,10.349972890869095,10.437604006961836,10.503672427494955
population_mn,baseline,combination,2029,10.355624858809083,10.190047294112315,10.251854473494427,10.341204758988313,10.471894872015238,10.569353985284266
population_mn,baseline,combination,2030,10.350134027631091,10.135271935846074,10.220524780408546,10.328374584607104,10.505009856776411,10.626100481708042
population_mn,baseline,equal_weights,2026,10.362405453543087,10.324245343234654,10.3392484346554,10.362364422264168,10.3859862380627,10.40175047903833
population_mn,baseline,equal_weights,2027,10.363999568866019,10.28463379241365,10.314963904047751,10.361235091099415,10.414988295946614,10.450056323335247
population_mn,baseline,equal_weights,2028,10.36598840353634,10.239136012356377,10.284522306599793,10.359481674957456,10.450206906782451,10.513728525163055
population_mn,baseline,equal_weights,2029,10.366390128554546,10.182144285467515,10.251069774074422,10.359463261477106,10.49220517663736,10.572399217715233
population_mn,baseline,equal_weights,2030,10.373327962708924,10.134193478528259,10.222674374091682,10.359449132406283,10.53809445160398,10.643916477725154
gdp_growth,adverse,arima,2026,1.7580153487787793,-5.252017392729899,-2.690399863824481,1.8718145224379321,6.017820368820372,8.538573765954398
gdp_growth,adverse,arima,2027,1.6550421064557297,-6.609585791120976,-3.2158772501482087,1.7212270803488001,6.407986826889312,9.722839550073735
gdp_growth,adverse,arima,2028,1.8951021149284129,-6.462371138795127,-3.2461213753943174,1.9234438446342235,6.747792309059138,10.161745771821577
gdp_growth,adverse,arima,2029,1.519575394628802,-7.73749848432651,-4.046162178792339,1.4778239184367996,7.206319326499038,10.728895795925247
gdp_growth,adverse,arima,2030,1.4786476914736515,-8.913076760823452,-4.727296925949722,1.3719516272134638,7.876253596819764,11.6262916242276
gdp_growth,adverse,ar1,2026,1.0385516775393158,-5.425214066116757,-2.8577042140116133,1.1015963115833232,4.89615363348323,7.541479991308867
gdp_growth,adverse,ar1,2027,0.7924089100397264,-6.421295742949354,-3.754394818422884,0.7418777526841951,5.317395889014957,8.055784922614947
gdp_growth,adverse,ar1,2028,0.560009584728489,-6.7881847761960215,-4.0588510222258405,0.5682954166464053,5.015171000959371,7.900160310247667
gdp_growth,adverse,ar1,2029,0.8187888170699585,-6.306683071605002,-3.5186100904875404,0.7669253347883275,5.3503165554341985,8.03257331969045
gdp_growth,adverse,ar1,2030,0.6862436377706411,-6.904217349835367,-3.9246730613327494,0.5396293577913426,5.332636359168366,8.285062966496193
gdp_growth,adverse,bvar,2026,2.460125931630067,-3.652752513338599,-1.2959200362661567,2.456307156800194,6.122618175017392,8.633278559010991
gdp_growth,adverse,bvar,2027,1.699854491917102,-5.039415024983137,-2.5149272465208545,1.5972620512990279,5.880222338934673,8.752410024937152
gdp_growth,adverse,bvar,2028,1.2328004832430999,-6.105205612179269,-3.2785334645032935,1.2569943605809775,5.659331514349319,8.641062836247768
gdp_growth,adverse,bvar,2029,0.9141153289404662,-6.625177129273385,-3.6554611701580066,0.9388559568081806,5.529999375004773,8.666399483264524
gdp_growth,adverse,bvar,2030,0.8286178140838727,-6.993255343663254,-3.8096253910808353,0.9036934207515052,5.437281232395852,8.48948329010966
gdp_growth,adverse,structural,2026,0.4637937598721302,-2.173119432444138,-1.163187416749917,0.49983102718701433,2.0540212765155466,2.924721025476553
gdp_growth,adverse,structural,2027,0.2955777614716581,-2.574098309803634,-1.403585776476647,0.296130254959881,1.9973173250052276,3.2577346960372475
gdp_growth,adverse,structural,2028,0.21028988479880234,-2.822584961599091,-1.6217671628187764,0.23131545358630046,2.068906522318592,3.2910222113130083
gdp_growth,adverse,structural,2029,0.1889523422250103,-2.9683706616538026,-1.808847516714154,0.2053065527001463,2.0994297719572073,3.299451030629961
gdp_growth,adverse,structural,2030,0.22670714148179202,-3.177691482495809,-1.814135566352915,0.2554117280412882,2.330085266665522,3.727877831462272
gdp_growth,adverse,combination,2026,1.009996715705394,-3.709214819348627,-1.5482195514458938,0.8229396467787915,3.6392444012362883,6.532564712863013
gdp_growth,adverse,combination,2027,0.8096003237895828,-4.692723252535069,-2.1515709956008098,0.5630864409575387,3.8297901529660754,7.074132558634727
gdp_growth,adverse,combination,2028,0.7345997408148104,-5.0063084531371995,-2.285859196618022,0.5281793689002612,3.707412930843269,7.482093751952274
gdp_growth,adverse,combination,2029,0.6690831555934031,-5.143196500800774,-2.427723617088302,0.5722123405368151,3.6766871410811093,7.1349303338928785
gdp_growth,adverse,combination,2030,0.6490538131985261,-5.563613186992246,-2.4669101341200954,0.4298553769675362,4.029997692333681,7.490444591474916
gdp_growth,adverse,equal_weights,2026,1.4735076997680607,-4.219103712722678,-1.7306616945569258,1.3014093341809168,4.920464992090723,7.61820769251038
gdp_growth,adverse,equal_weights,2027,0.9578407095262975,-5.506296689268377,-2.623415966236997,0.6793938477855921,4.747785636671993,7.95409697832276
gdp_growth,adverse,equal_weights,2028,1.090368419498364,-5.766425074972746,-2.5329000170187728,0.8808896742190229,5.136822005155343,8.304113081451739
gdp_growth,adverse,equal_weights,2029,0.9321265856822504,-6.820480711639364,-3.034915099920185,0.7923784804072196,5.264417009633666,8.559695903902076
gdp_growth,adverse,equal_weights,2030,0.744322784619546,-7.248023703079334,-3.4758377829391103,0.5755311016023668,5.1776830362607775,9.057447907100183
hicp_inflation,adverse,arima,2026,4.164875500910138,0.4388807844139486,1.954342513790033,4.142447012764445,6.412820703151272,7.92672671218611
hicp_inflation,adverse,arima,2027,3.7052042375967367,-0.6162223333121948,1.0114623796329594,3.7754047336572545,6.376268224818479,8.128571296096158
hicp_inflation,adverse,arima,2028,3.544287843053272,-1.3107552982533208,0.562790811605844,3.556323062222676,6.487617217865567,8.354786427776896
hicp_inflation,adverse,arima,2029,3.346177607824386,-2.0725402855780852,0.17902884303093294,3.3480954923583384,6.517361428428403,8.653453036824706
hicp_inflation,adverse,arima,2030,3.2608533704218865,-2.2113403881525913,-0.07814644127418041,3.2757446360106544,6.599026313209758,8.702491949425239
hicp_inflation,adverse,ar1,2026,3.899316230536809,0.4338427599048891,1.8323975226364213,3.9450236954576114,5.9224144690049725,7.256756606795188
hicp_inflation,adverse,ar1,2027,3.400436587824602,-0.45689400547268866,0.9875812116725473,3.406290320400929,5.648462402426316,7.381012831610799
hicp_inflation,adverse,ar1,2028,3.072962740529029,-1.038937393506282,0.6357862394612377,3.0042354308901578,5.602352375038004,7.147705156461191
hicp_inflation,adverse,ar1,2029,2.958931363231761,-1.0962524114235102,0.5132754335645429,2.9544788208049315,5.438177048626929,6.96706616074027
hicp_inflation,adverse,ar1,2030,2.797136112380263,-1.3229069910089073,0.26588093785556555,2.7911089984302824,5.329789955328219,7.019840819127526
hicp_inflation,adverse,anchored,2026,3.517034171767024,-0.0016766470901552369,1.378602387292652,3.4512692914857386,5.678600710172751,7.149457322074334
hicp_inflation,adverse,anchored,2027,2.695258403454969,-1.2591289746669208,0.3817711245393978,2.714831990371181,5.120754508856162,6.664470456828633
hicp_inflation,adverse,anchored,2028,2.441265806735476,-1.7635642249151733,-0.022382686935440085,2.3664436799897333,4.978502313000303,6.664304152721254
hicp_inflation,adverse,anchored,2029,2.2420494955822665,-2.1134396834145766,-0.45440708467569,2.266515862807437,4.923436077248111,6.592358939289709
hicp_inflation,adverse,anchored,2030,2.082699779877301,-2.2650096710071996,-0.4727024113962405,2.1639420715699655,4.519875099237049,6.2058226393950955
hicp_inflation,adverse,bvar,2026,4.701721434295369,2.1254622950480018,3.160925641024179,4.687007777212203,6.207613912535028,7.291563184614284
hicp_inflation,adverse,bvar,2027,4.312711524350601,1.4230967244224952,2.5909614255148883,4.281252619765446,6.119476966963247,7.395055895319877
hicp_inflation,adverse,bvar,2028,4.003205556986896,0.9770431240589205,2.0635163735614825,4.013634343550071,5.8730914664207985,7.1402342706968245
hicp_inflation,adverse,bvar,2029,3.7417464495571306,0.4854716765642809,1.7097131319040915,3.6937684102619697,5.737765150846797,6.99497589370539
hicp_inflation,adverse,bvar,2030,3.479528760010239,0.1415132323020837,1.4408471097844073,3.4247516973024714,5.538692377034082,7.0381478251542
hicp_inflation,adverse,combination,2026,4.141366886607064,0.5965813992752818,2.168294858609013,4.230348544771615,6.112754988697966,7.37883521644057
hicp_inflation,adverse,combination,2027,3.5268859952771594,-0.5657713457507052,1.154726133443625,3.6273710887650736,5.964704936215848,7.485390161091775
hicp_inflation,adverse,combination,2028,3.2674650341516234,-0.8595747074156584,0.8154404011177595,3.2801385671625445,5.749782934126628,7.125315906995838
hicp_inflation,adverse,combination,2029,3.0708927896240543,-1.3449705579028415,0.6609272989620221,3.116862626897751,5.645555318608243,7.0764924575055295
hicp_inflation,adverse,combination,2030,3.0308638684106493,-1.522646951242616,0.3602514967702762,2.9988449391960206,5.761630842490615,7.504156084406478
hicp_inflation,adverse,equal_weights,2026,4.0533406802393195,0.6400104172915387,1.9656959323803844,4.113738537053218,6.059392277320255,7.295360773729972
hicp_inflation,adverse,equal_weights,2027,3.4026097064133842,-0.6137944984588914,1.1321752635562088,3.5015405380194355,5.666112737351427,7.266004884424309
hicp_inflation,adverse,equal_weights,2028,3.214315257846501,-0.8625485142381824,0.7285647779127221,3.278095002453859,5.691131741334194,7.162846375535848
hicp_inflation,adverse,equal_weights,2029,3.164909009194019,-1.161430286574638,0.5101964160077911,3.2101038984018926,5.762690606870562,7.522815463657829
hicp_inflation,adverse,equal_weights,2030,2.924512832746277,-1.5793250468397582,0.27650532315400905,2.8792062090092836,5.609820231629367,7.318509227002282
unemployment_rate,adverse,arima,2026,8.193842654549357,6.107055281658471,6.9396647124957624,8.203036152492867,9.44636196642707,10.267578751112495
unemployment_rate,adverse,arima,2027,7.776072019020022,3.1344416901049637,4.8126649373508315,7.726718290657543,10.766545589473493,12.543980962178912
unemployment_rate,adverse,arima,2028,7.969760361297153,0.5318983874350565,3.497488716171277,7.888858383541551,12.61158568028018,15.596974249915627
unemployment_rate,adverse,arima,2029,7.828688367839996,-2.1469318685573917,2.0458257824763746,7.839755239974123,13.777907975901819,17.765689811565153
unemployment_rate,adverse,arima,2030,8.159403208075029,-4.081471634623515,0.8718546461427937,8.11711259224047,15.57811397829091,20.06165913013761
unemployment_rate,adverse,bvar,2026,8.695193744186259,6.130293759397832,7.091893534205476,8.691588266222624,10.254787201986254,11.237479989702924
unemployment_rate,adverse,bvar,2027,8.878068220109697,4.23054540176036,6.154566210392981,8.93845043215815,11.641962845165079,13.133650972235548
unemployment_rate,adverse,bvar,2028,9.353600285199253,3.0593580517128527,5.754992268227451,9.36330994278688,13.11620861389719,15.304003495122732
unemployment_rate,adverse,bvar,2029,9.891252921740474,2.1927810823763387,5.339661121402689,10.104407921112749,14.458666802095072,17.324003926539387
unemployment_rate,adverse,bvar,2030,10.401457537116999,1.3095022206389617,5.219643003874263,10.705637565315302,15.546679775764746,19.03739820034423
unemployment_rate,adverse,structural,2026,9.027260102113082,6.604454392178533,7.545570436188528,9.026450404678426,10.546714176008543,11.407937040110289
unemployment_rate,adverse,structural,2027,9.086987613970143,5.5213693094996374,6.974397258917185,9.143837838725936,11.160484997470594,12.610508571830485
unemployment_rate,adverse,structural,2028,9.187464105172968,4.742425232901783,6.6061559075590335,9.243051723674366,11.852674365542235,13.338019722325058
unemployment_rate,adverse,structural,2029,9.254174408574864,4.400077574067253,6.246610997015542,9.248371790511223,12.167526681646219,14.124677038856694
unemployment_rate,adverse,structural,2030,9.363419409443965,4.113357010209633,5.948788102318918,9.36021166798906,12.65914677344679,14.892918385993763
unemployment_rate,adverse,combination,2026,8.749069653312228,6.379080988692483,7.228712624328479,8.7248107940133,10.261708918306415,11.19016757626822
unemployment_rate,adverse,combination,2027,8.660054913531662,4.25081556150222,6.201637959388225,8.776718050570516,11.124720848435741,12.76741293312097
unemployment_rate,adverse,combination,2028,8.72851054277664,2.857461129204481,5.4132148077619755,8.910038458727012,12.125288670263465,14.229264038952456
unemployment_rate,adverse,combination,2029,8.892920400788359,1.9439931426692967,4.704294915522013,9.001765153119376,12.936233320789098,15.958239307656614
unemployment_rate,adverse,combination,2030,9.21829940815741,0.6843197514511005,4.676619974391203,9.289699074031034,13.901090642659392,17.73925670498829
unemployment_rate,adverse,equal_weights,2026,8.61757031536924,6.166283141921421,7.1404883642697685,8.607709906057542,10.04504272575181,11.075137274740662
unemployment_rate,adverse,equal_weights,2027,8.574980769032397,4.09419898786271,5.964065188592189,8.648306087027105,11.121418027425598,12.86136738249801
unemployment_rate,adverse,equal_weights,2028,8.83971100827507,2.5787211371705805,5.414829751076067,8.924886863639117,12.369868835112083,14.963918186110169
unemployment_rate,adverse,equal_weights,2029,8.867052482455893,0.27914312710473,4.487895553223547,9.052527783271941,13.26003456700945,16.561056814807678
unemployment_rate,adverse,equal_weights,2030,9.363067025626485,-0.3911213437738862,4.260861702528975,9.40266130912271,14.50376379222032,18.134576649144684
investment_growth,adverse,arima,2026,5.916248659138346,-10.913212752080447,-3.792319071201566,5.5598155584611515,15.63390916877304,22.464598410601276
investment_growth,adverse,arima,2027,4.924935303783735,-14.603121414434309,-6.393378502660165,5.110038608297655,16.510761923907335,24.05121638059649
investment_growth,adverse,arima,2028,4.036077702651068,-16.355628433988578,-8.403986680730773,3.9412405988816595,16.64689391813134,24.904128172013994
investment_growth,adverse,arima,2029,3.3516655363419185,-18.335310927472285,-9.775963244849045,3.603390361032736,16.01659522015488,23.89200289691982
investment_growth,adverse,arima,2030,2.7806001121334094,-18.728124172843497,-10.448196150858765,2.6867582157117655,16.12007449191306,24.79427053840272
investment_growth,adverse,ar1,2026,6.359127744836511,-9.303179544318366,-3.1574211456820747,6.092449671627936,16.399917999835615,21.868508792427694
investment_growth,adverse,ar1,2027,4.609636483925883,-14.135513358990748,-6.831012224437905,4.6301147880055815,15.675206064821712,23.29014481224589
investment_growth,adverse,ar1,2028,3.610175646616048,-15.187434757312571,-8.261644768422288,3.4324284721702476,15.145051192761686,23.280975732059417
investment_growth,adverse,ar1,2029,3.0743885849806203,-15.72420808259634,-8.428915304876062,2.9771821733463533,14.805466162503594,22.27668562509955
investment_growth,adverse,ar1,2030,2.8912000447226194,-16.09402116725152,-8.282123925045282,2.5701344981954937,14.951279846645688,21.742379934528827
investment_growth,adverse,bvar,2026,5.8600891136038005,-10.431411473716699,-4.101633549248783,6.056981016352107,15.610344830592611,22.128720793106776
investment_growth,adverse,bvar,2027,3.5695664360264745,-14.220749825321828,-7.067106946401267,3.313601976036317,14.645054516414172,22.1968927205961
investment_growth,adverse,bvar,2028,2.2119339038233607,-17.305537142494526,-8.855512404058622,2.2790832974730364,13.561291510296643,21.637070579555836
investment_growth,adverse,bvar,2029,1.1645618029567242,-18.080269730920396,-10.4318531955221,1.0828254451629737,12.907594174579248,20.845392002241237
investment_growth,adverse,bvar,2030,1.3032957040987154,-18.64320707326551,-10.243886569077247,1.2129880617904465,13.042495066617976,21.349914780530128
investment_growth,adverse,combination,2026,5.958217603513048,-9.976500831656981,-3.5479949224807794,5.848053260367584,15.692483238388991,22.024007066136313
investment_growth,adverse,combination,2027,4.418971859813462,-14.045136091554987,-6.821297608590256,4.277731917767732,15.689918857625551,22.745942049809447
investment_growth,adverse,combination,2028,2.9523808871772523,-16.92209631692437,-9.143758110718808,2.6593396966371143,15.088214740633434,22.905939235808994
investment_growth,adverse,combination,2029,3.302941066177554,-16.286173387625443,-8.668904155437982,3.1944386831854352,15.14726470386497,23.362435557442094
investment_growth,adverse,combination,2030,2.6453593367873345,-17.038757008545215,-9.140537258388491,2.3194940225155696,14.689077459394673,22.644453018418236
investment_growth,adverse,equal_weights,2026,5.941377514527046,-10.173035994649581,-3.7029660720307453,5.926748048621092,15.589846681152471,21.702777494784158
investment_growth,adverse,equal_weights,2027,4.293599253015362,-14.388525204266836,-6.997316817034148,4.432536772979507,15.270550004170568,22.753733877252355
investment_growth,adverse,equal_weights,2028,3.4316348841179005,-15.723513985403535,-8.246310795341346,3.1662103956264636,15.325098735042952,23.466563840430624
investment_growth,adverse,equal_weights,2029,2.34983278930994,-17.71855912460668,-9.868079611202722,2.4889686471169123,14.632893140041345,22.452823701104222
investment_growth,adverse,equal_weights,2030,1.999353740338236,-19.361411713127797,-9.725769586749292,1.8947658782408436,14.43701922991988,22.23701843357845
current_account_pct_gdp,adverse,arima,2026,-5.6355009562673315,-9.440667758098257,-8.00596005266337,-5.677718115861975,-3.2091926226871745,-1.6918806545381835
current_account_pct_gdp,adverse,arima,2027,-5.653801266562824,-11.209558464996075,-8.988318645580614,-5.63226724118854,-2.3230787217557225,-0.3628485031902544
current_account_pct_gdp,adverse,arima,2028,-5.562010639480064,-12.375739102237043,-9.44313810624446,-5.558892802909354,-1.4060934201460604,0.8888584144548304
current_account_pct_gdp,adverse,arima,2029,-5.646195408485486,-13.25898357597848,-10.163385282021748,-5.7814897150110784,-0.9076011592696261,2.0117475047149833
current_account_pct_gdp,adverse,arima,2030,-5.599871164132636,-14.188273817982509,-11.018296367131843,-5.599197120324003,-0.17364395233105986,3.048470177923502
current_account_pct_gdp,adverse,ar1,2026,-5.726932151327379,-9.330371761588003,-7.857683407861563,-5.735496409939135,-3.5599775644218967,-2.247944093742158
current_account_pct_gdp,adverse,ar1,2027,-5.724377417421378,-10.361878698964182,-8.58310006208447,-5.736760958524853,-2.942415667282411,-1.2049307450138789
current_account_pct_gdp,adverse,ar1,2028,-5.650960366280732,-10.677892568912556,-8.721799313511685,-5.758588744584131,-2.5268696599217093,-0.3161333387029031
current_account_pct_gdp,adverse,ar1,2029,-5.71221224947826,-11.093311839333929,-8.933876411242693,-5.682529917962059,-2.4965162307705198,-0.5124778398199219
current_account_pct_gdp,adverse,ar1,2030,-5.765824856222131,-11.337020320681093,-8.96731185300039,-5.773923705904144,-2.482504785669036,-0.09550029794210904
current_account_pct_gdp,adverse,bvar,2026,-7.720718102567548,-11.28980003968025,-9.941359248976317,-7.748978444067075,-5.509670441354698,-3.986322450524727
current_account_pct_gdp,adverse,bvar,2027,-8.398462285586755,-12.889174268466531,-11.06502971476836,-8.389629117669825,-5.771556392469642,-4.066735431782513
current_account_pct_gdp,adverse,bvar,2028,-8.486669882656035,-13.296137529380387,-11.407734461021915,-8.398273535238385,-5.691436828698257,-3.8971491035800008
current_account_pct_gdp,adverse,bvar,2029,-8.460362319767968,-13.29699199048667,-11.379322218262992,-8.494641065665881,-5.565657947547424,-3.3314923697400403
current_account_pct_gdp,adverse,bvar,2030,-8.358447325507155,-13.529450203519305,-11.509316825435397,-8.303601610380287,-5.290464199294406,-3.23306689805189
current_account_pct_gdp,adverse,combination,2026,-6.259800854230623,-10.354322814010665,-8.676734135015847,-6.28702722704987,-3.8136346012674784,-2.3201094479062174
current_account_pct_gdp,adverse,combination,2027,-6.5785253185273,-11.842630028277522,-9.715854796320299,-6.616335990298966,-3.3518988845938207,-1.325892414925924
current_account_pct_gdp,adverse,combination,2028,-6.5931896123027025,-12.382197213330892,-10.007657538167399,-6.586611472855239,-3.043255224850341,-0.6296178022422688
current_account_pct_gdp,adverse,combination,2029,-6.744111440277659,-12.735978579501028,-10.42502327357902,-6.953525765814942,-3.0033040966853504,-0.16132549460987355
current_account_pct_gdp,adverse,combination,2030,-6.802357192679034,-13.077301437505225,-10.83121560289727,-6.920899254196175,-2.8940963642783717,0.1826849772252332
current_account_pct_gdp,adverse,equal_weights,2026,-6.358062555728697,-10.496977589152426,-8.79507827900938,-6.399077463290942,-3.8666625000993884,-2.2569742811453746
current_account_pct_gdp,adverse,equal_weights,2027,-6.557952289443629,-11.84267425920734,-9.596548421750999,-6.551627807196632,-3.3608349135462285,-1.4505025072830242
current_account_pct_gdp,adverse,equal_weights,2028,-6.491331661746578,-12.316911506473936,-10.04049324360917,-6.627532724489036,-2.790772508695946,-0.22115245516531268
current_account_pct_gdp,adverse,equal_weights,2029,-6.501692156939378,-12.750556131683004,-10.283920600177453,-6.6911209030610515,-2.432922642959193,0.20768372468426344
current_account_pct_gdp,adverse,equal_weights,2030,-6.527173295650797,-12.98422000863169,-10.7085618654959,-6.6866272741146355,-2.4765202362052894,0.6863285302129568
tfp_growth,adverse,arima,2026,0.8698824224695938,-3.6170748089070948,-1.8351988098474123,0.9005434843960503,3.541667440281994,5.374370889932502
tfp_growth,adverse,arima,2027,0.8181587989563883,-4.379766862065684,-2.2451971927339067,0.8573226159011567,3.7949587658618373,5.864238260909905
tfp_growth,adverse,arima,2028,0.788366165314727,-4.747755787358648,-2.4964647098716357,0.7530459025606792,4.075176155733276,6.319467431324147
tfp_growth,adverse,arima,2029,0.8246964935341768,-5.151871275594113,-2.884610291809691,0.8673598867685454,4.433564158265262,6.896905904007164
tfp_growth,adverse,arima,2030,0.8134094191051803,-5.7410028835420475,-3.3400621985553025,0.8585744176214555,4.845121439587888,7.229518491367474
tfp_growth,adverse,ar1,2026,0.6277456149736486,-3.6067017180794623,-1.9059139139260504,0.6897212311780285,3.021588210300048,4.884581464943424
tfp_growth,adverse,ar1,2027,0.20336528557525763,-4.241950849732512,-2.5676947172652107,0.22738725034677493,2.870343429501517,4.5497995618545355
tfp_growth,adverse,ar1,2028,-0.03347364950181021,-4.816430376691104,-2.869364186063526,-0.027868472891908525,2.8468873251169424,4.637012292659554
tfp_growth,adverse,ar1,2029,-0.0808393280185535,-4.689466060382439,-2.8428316919860155,-0.035877771669045655,2.7567031045369452,4.295574247181571
tfp_growth,adverse,ar1,2030,-0.0014970030692676604,-4.6930937058708295,-2.7551291234918933,-0.024746435399973787,2.7816985029671955,4.6260448281630415
tfp_growth,adverse,llt,2026,0.8067156430126909,-4.140317322129067,-1.9342390075435465,0.8057750165985104,3.5815158165900365,5.486934097365133
tfp_growth,adverse,llt,2027,0.8696695315525358,-4.569844269950868,-2.347230382805802,0.9207184205866392,4.169915738424316,6.3109880724567535
tfp_growth,adverse,llt,2028,0.9364913122702583,-4.8403094248293534,-2.684431751413454,0.9811346909292575,4.575554938462144,6.899773470710365
tfp_growth,adverse,llt,2029,0.8501409346266646,-5.750808702845755,-3.1618453774165696,0.8180892114295092,4.814894083481354,7.563985688599032
tfp_growth,adverse,llt,2030,0.8695713611007871,-6.502624685460165,-3.690300214146722,0.8182270079625762,5.39153719866012,8.421345916916408
tfp_growth,adverse,combination,2026,0.881740108837426,-3.5951485624175805,-1.7554947979072628,0.9056937799431712,3.4602180869694132,5.31163608331602
tfp_growth,adverse,combination,2027,0.4916281718615213,-4.265366438894585,-2.5283214692306153,0.5196403866918525,3.398650187125855,5.317106755416364
tfp_growth,adverse,combination,2028,0.4254271909658847,-4.7782158289332255,-2.6542279673399216,0.32880696639775386,3.5556812675642244,5.811454891494873
tfp_growth,adverse,combination,2029,0.4941919071076231,-5.013359393692489,-2.8629713831703034,0.38090147994982293,3.7894338734057986,6.124353009001039
tfp_growth,adverse,combination,2030,0.6229704815793633,-5.316898896989241,-2.9344894123765086,0.4897644825460863,4.233478778151894,6.861297263901148
tfp_growth,adverse,equal_weights,2026,0.7847363963796857,-3.6976419950126047,-1.8490608139159233,0.750719947051326,3.543210271200651,5.321175638010497
tfp_growth,adverse,equal_weights,2027,0.6886747201031216,-4.290446199611967,-2.35892369791202,0.705913138501563,3.642066593742792,5.925673993285903
tfp_growth,adverse,equal_weights,2028,0.6160965984790528,-4.793435146003145,-2.6734941837979855,0.5294912801881732,3.8912093784301027,6.083242034995715
tfp_growth,adverse,equal_weights,2029,0.5601035313933507,-5.320748178726328,-2.9336435797340767,0.557167043771023,3.980274855914072,6.337472466672164
tfp_growth,adverse,equal_weights,2030,0.5726638130057503,-5.682647541947932,-3.155302250646227,0.4528961360834943,4.430136201537049,7.10816568553566
fertility_rate,adverse,arima,2026,1.2545182591207737,1.195939828824921,1.2196284062758282,1.2544082866222082,1.2899643278844275,1.311841882846267
fertility_rate,adverse,arima,2027,1.2780006777830442,1.1864949623306138,1.221073076184472,1.2782168804781198,1.3334288853737901,1.3713954548005505
fertility_rate,adverse,arima,2028,1.2993876056867615,1.1903716195722702,1.2346168945690086,1.2998160893376058,1.36596812559521,1.4106650284127624
fertility_rate,adverse,arima,2029,1.321569010757709,1.2029101778790745,1.2515631046629447,1.3230424659929474,1.393497975779638,1.4373413107184103
fertility_rate,adverse,arima,2030,1.3309985660429955,1.2114004998025831,1.2584034076880612,1.3314194646850273,1.3996740747275382,1.4516621824119262
fertility_rate,adverse,llt,2026,1.2121538629727369,1.1394980090374862,1.1683734128812546,1.212117791283207,1.2564939775861461,1.2844980188765207
fertility_rate,adverse,llt,2027,1.1837953049383139,1.0626997104107418,1.1074555646759263,1.1843872193784017,1.2585395811653137,1.3046134357648704
fertility_rate,adverse,llt,2028,1.1580902228913024,0.9836114545895382,1.0548279403336138,1.1603043388534071,1.2607550872610003,1.3264522001008257
fertility_rate,adverse,llt,2029,1.126303205425322,0.911697569357273,0.997149447526581,1.1254751338873057,1.25349871024554,1.3456120870187418
fertility_rate,adverse,llt,2030,1.099267432583235,0.8305573844690414,0.9350260659420552,1.1002962747134808,1.2572355170408513,1.3651091103268838
fertility_rate,adverse,ar1,2026,1.254681243542638,1.1910938941228768,1.2165134880782984,1.2541225841153287,1.2934172012621228,1.3177875894031439
fertility_rate,adverse,ar1,2027,1.2684063332285724,1.1846129791271887,1.2163094699866968,1.2696797683764496,1.3192695677588935,1.3525227430691023
fertility_rate,adverse,ar1,2028,1.2790480912222408,1.182896813209657,1.2229892890610896,1.2780476527311673,1.3385939887934402,1.3766980154123971
fertility_rate,adverse,ar1,2029,1.285903754869737,1.1843104470674728,1.2234565000094753,1.2854492036609608,1.3491434413503636,1.3877612669293227
fertility_rate,adverse,ar1,2030,1.2957144734002515,1.1848813282490653,1.23089980785889,1.2967593245796443,1.3603843718273099,1.4046190558825657
fertility_rate,adverse,combination,2026,1.2477315950041077,1.1772188922668363,1.2084273728396375,1.2479928992320783,1.2895471138000276,1.3130561953442865
fertility_rate,adverse,combination,2027,1.2569373401366049,1.1380521388095852,1.1971910652914717,1.2641959419230173,1.3180040378508113,1.354457837162446
fertility_rate,adverse,combination,2028,1.2650587434275697,1.097671353716795,1.1955251055841756,1.2734382019960302,1.340943493650173,1.3844899435429854
fertility_rate,adverse,combination,2029,1.2707169658740185,1.065779830410905,1.185703450238564,1.284911891731477,1.3608966874478141,1.4106829258133688
fertility_rate,adverse,combination,2030,1.2744298782553831,1.0111892451262725,1.1934203615198193,1.2942635129055367,1.3730194987801945,1.4241705349870701
fertility_rate,adverse,equal_weights,2026,1.241792852125724,1.1635791208401403,1.1985011890542416,1.243936066164545,1.2849425107017174,1.3107231103542967
fertility_rate,adverse,equal_weights,2027,1.2429417353115482,1.0999838262879014,1.1703718346500958,1.2526267107492846,1.313175604738238,1.350970054591818
fertility_rate,adverse,equal_weights,2028,1.247762877870227,1.059856943457431,1.1520776032490712,1.2618899394826202,1.3388602385950503,1.3864947200034632
fertility_rate,adverse,equal_weights,2029,1.2453949758998042,1.0029700325538113,1.1192105848267082,1.2708325852547624,1.35612432879732,1.4118599919997887
fertility_rate,adverse,equal_weights,2030,1.2438457090551531,0.9296688581846702,1.1082118499342968,1.2800864312558016,1.3676909489222322,1.422623699788342
public_debt_pct_gdp,adverse,arima,2026,147.60934195348653,128.6119289035682,136.43197234102024,147.48237411790086,158.73415619312334,167.0911687839836
public_debt_pct_gdp,adverse,arima,2027,148.97496492184723,124.03540057266814,133.96556890777072,148.89763222643234,164.07914242690137,174.21015640986738
public_debt_pct_gdp,adverse,arima,2028,150.7842947290412,118.65521830427494,130.92558269447238,151.146441463496,170.64078611668893,183.15069421429374
public_debt_pct_gdp,adverse,arima,2029,152.03542728302966,117.76278983117469,130.22159965654177,151.97243738674194,173.8277283857929,187.19676024441728
public_debt_pct_gdp,adverse,arima,2030,153.04320796328517,112.43477694835276,128.6754609840034,153.19355189106514,177.78360333472588,193.64518696713617
public_debt_pct_gdp,adverse,llt,2026,139.78398376073403,121.23420931899184,128.7416134554044,139.405929629697,150.96174943318036,159.0273949005221
public_debt_pct_gdp,adverse,llt,2027,133.96884919032976,104.4588304145981,115.85194069580224,134.15835330584252,151.30895440467006,165.02125412446392
public_debt_pct_gdp,adverse,llt,2028,126.95489094875835,85.11321563851529,100.96992579840908,127.18077454836981,152.98874656619876,168.52012688550428
public_debt_pct_gdp,adverse,llt,2029,119.76795943436576,62.86467526093965,86.28115516729345,120.89482207699868,151.7342587132318,173.3800578737646
public_debt_pct_gdp,adverse,llt,2030,114.41025558528011,48.08550495615236,73.96842347302547,114.77810252309857,154.37125250807955,180.1019928432773
public_debt_pct_gdp,adverse,structural,2026,138.5186406625522,131.76577044130354,134.65368970111615,138.42869743511892,142.54609507278064,145.2157869632497
public_debt_pct_gdp,adverse,structural,2027,132.95344810617988,121.84104694541625,126.16839760853247,132.7617040470357,139.84919461234512,144.56812761167512
public_debt_pct_gdp,adverse,structural,2028,128.98425957256327,113.61878848939259,119.40268639659232,128.69363991968714,138.68477672340006,145.55440048750938
public_debt_pct_gdp,adverse,structural,2029,126.34372520463107,105.87389173456577,114.07960861944316,126.00072888689898,138.84101830488135,147.83634946051296
public_debt_pct_gdp,adverse,structural,2030,124.82440958335178,100.54670575598462,109.31406625256257,124.21674355555135,139.91660926387638,152.08695882336207
public_debt_pct_gdp,adverse,combination,2026,141.1290603262261,128.42606903786438,133.84403606512726,139.51329154315724,149.40746516577846,159.54010955487828
public_debt_pct_gdp,adverse,combination,2027,137.93566453461608,117.07044961900287,125.79908088543763,135.59694716470335,152.65017897285284,166.15030011583764
public_debt_pct_gdp,adverse,combination,2028,134.3692679417329,105.36396679070204,118.48057481997202,132.15175790321913,152.89367795815662,170.60979752208613
public_debt_pct_gdp,adverse,combination,2029,131.54860488618803,92.32680697688203,112.25443090647713,129.55374300413334,156.0309509526868,175.6115061852618
public_debt_pct_gdp,adverse,combination,2030,130.7019174179767,83.06045192637285,107.90689040198792,128.78007388810636,158.39910891359156,180.02423784007365
public_debt_pct_gdp,adverse,equal_weights,2026,141.99641746324812,126.48784287692315,133.2512349127369,140.45930580012498,152.3301220164504,160.66071288341215
public_debt_pct_gdp,adverse,equal_weights,2027,138.66952962115397,113.89695792319658,124.78834551374267,137.0683315988515,154.36031839378344,166.88811044079827
public_debt_pct_gdp,adverse,equal_weights,2028,135.83431491828685,99.90865239199977,116.81962757818984,133.8725979813335,157.6419333628461,175.5953132120672
public_debt_pct_gdp,adverse,equal_weights,2029,132.4442761198986,84.4923301590671,109.62915809470452,131.87677961609967,159.16018071656242,175.74775558240805
public_debt_pct_gdp,adverse,equal_weights,2030,130.36626145970905,72.42258641409128,102.03422617885421,130.29995037229475,161.57368370101642,182.8806239777516
private_debt_pct_gdp,adverse,arima,2026,95.50919354163014,84.80748041369488,88.785107826,95.5341343195648,102.18228888503472,106.54178881979516
private_debt_pct_gdp,adverse,arima,2027,94.10527324515552,76.99555618641077,83.85022544753521,94.13395266980703,104.09065642985232,110.59296182039648
private_debt_pct_gdp,adverse,arima,2028,93.66137401488972,70.90391537155435,80.1964248259319,93.51934503850124,107.45063605973834,115.92654473640519
private_debt_pct_gdp,adverse,arima,2029,92.05791295404508,63.88799558732005,74.3549440101503,92.47314186743249,109.54547438382323,120.50584853449497
private_debt_pct_gdp,adverse,arima,2030,92.2933875247657,57.20099627832687,71.01667698063932,92.36713998281854,113.31605268772928,126.46232343953085
private_debt_pct_gdp,adverse,llt,2026,94.33648056368155,83.43594180001138,87.41857317403748,94.39880310652222,101.21852517812502,105.17433096267426
private_debt_pct_gdp,adverse,llt,2027,92.03950811351537,74.63693627781515,81.14489616542198,92.08299398037454,103.16867460114676,109.76289300850063
private_debt_pct_gdp,adverse,llt,2028,89.38409799588483,63.87657225003155,74.184019252522,89.86143287607007,104.11839789105191,114.08141490337519
private_debt_pct_gdp,adverse,llt,2029,86.54139026763951,54.59872909782022,67.57149935627793,86.43194123695244,105.78927028353652,117.95873914800968
private_debt_pct_gdp,adverse,llt,2030,84.80665398868521,45.371186243612215,61.108449802025234,84.44219264288733,108.45965539164088,125.94659175979058
private_debt_pct_gdp,adverse,structural,2026,96.03860867134485,90.38481386304949,92.57733717246263,96.0274453530582,99.47747298500961,101.7327267383805
private_debt_pct_gdp,adverse,structural,2027,95.61086666689154,85.72971301440596,89.46465924812696,95.328771773435,101.78998256801898,106.53391593735289
private_debt_pct_gdp,adverse,structural,2028,95.3858164697696,81.50935711186685,86.71514263347639,94.88653569886827,104.06608357705602,110.99566792595023
private_debt_pct_gdp,adverse,structural,2029,95.42249904829728,78.298795840591,84.2708570794156,94.86415642148367,106.9300011217346,115.25458171070001
private_debt_pct_gdp,adverse,structural,2030,95.7415463653787,74.57854845767784,82.65563063472388,94.90904747224616,109.21694805537696,120.10349567042117
private_debt_pct_gdp,adverse,combination,2026,95.48302685959787,86.38514010937612,90.82587232564849,95.58620929140679,100.27425571844852,103.97541356530154
private_debt_pct_gdp,adverse,combination,2027,94.39968076149022,80.01664559997339,86.36836735796783,94.56084857817436,102.55482730356502,107.99430910260732
private_debt_pct_gdp,adverse,combination,2028,93.39908137116153,72.01157585556307,82.36809243047841,93.60776374155745,104.9405318623,112.94255514443192
private_debt_pct_gdp,adverse,combination,2029,92.47746382899012,65.88360443638494,78.37452535861786,93.19412347694265,107.36707866463668,116.38696255402263
private_debt_pct_gdp,adverse,combination,2030,92.27672697870928,59.7141433186017,75.38484388998194,92.57783553422288,110.15519876936901,121.73359664277604
private_debt_pct_gdp,adverse,equal_weights,2026,95.28169331862071,84.85009772793755,89.45506990409652,95.63856689234657,100.65319655088524,104.351315758653
private_debt_pct_gdp,adverse,equal_weights,2027,94.14881120155393,78.3565533289638,85.13753775099696,94.43453424606577,103.17269482469237,109.10338887784512
private_debt_pct_gdp,adverse,equal_weights,2028,92.66419444870824,70.92282855253602,80.427576339914,92.77883463638739,105.48070603414655,114.03003585255207
private_debt_pct_gdp,adverse,equal_weights,2029,91.14347507543508,62.6490834418061,75.33749664559546,91.81768444168699,107.54369360166669,118.00299588463263
private_debt_pct_gdp,adverse,equal_weights,2030,90.31405688386947,53.41967605236655,69.84153597429756,90.99884151079979,110.59016490810264,124.38913299670867
potential_growth,adverse,arima,2026,1.369780071702543,0.3031292263671261,0.7347273516014249,1.3697148413325544,2.009803149372441,2.445096846632699
potential_growth,adverse,arima,2027,1.5712777777911935,-0.3328032116809817,0.41353852533887014,1.5696610734918355,2.7429084302433737,3.454565593319636
potential_growth,adverse,arima,2028,1.6615871388746237,-0.909123816099867,0.04450640269453088,1.6549837426598992,3.2649329456360627,4.296955895212952
potential_growth,adverse,arima,2029,1.7212819030435607,-1.6378496627172172,-0.2526622602389424,1.7658547230659107,3.6881342881975048,5.029032921031029
potential_growth,adverse,arima,2030,1.7032215257079795,-2.352718139980837,-0.7169942344578965,1.7388911389986146,4.157989781487776,5.633063257381101
potential_growth,adverse,ar1,2026,1.0389751056251468,-0.18747667993108408,0.28159017406826053,1.047980130807149,1.7908466749827523,2.2654796131715353
potential_growth,adverse,ar1,2027,1.0742599480807122,-0.5947348791347179,0.057466130287687885,1.0782538336451066,2.119218968576607,2.7937020907506045
potential_growth,adverse,ar1,2028,1.0538905610765537,-0.9512375136669158,-0.18277259445614838,1.0829354329856986,2.246094084031691,2.9326402714634288
potential_growth,adverse,ar1,2029,0.9988796217766551,-1.3228913330063161,-0.35195939515788943,1.0023901372890134,2.340727103428062,3.248744654897285
potential_growth,adverse,ar1,2030,0.9569854984802526,-1.348016270283753,-0.510886934050866,0.9500895660097887,2.3256567798597874,3.3177810866202098
potential_growth,adverse,structural,2026,0.6429496749145288,-1.9986658940309414,-0.9869328783183966,0.6790512070691146,2.236013025794412,3.1082654834917256
potential_growth,adverse,structural,2027,0.43886693212796574,-2.4349089560433685,-1.2627241478874591,0.4394202149464399,2.1430377180162323,3.405255808120876
potential_growth,adverse,structural,2028,0.3249547973694102,-2.7113903945339186,-1.509198568514798,0.3460044245146787,2.185698143777965,3.4092122299708327
potential_growth,adverse,structural,2029,0.28074876994466713,-2.8794670775674764,-1.7188815392194157,0.2971179646876654,2.192976642207589,3.394097399998353
potential_growth,adverse,structural,2030,0.3002258456251514,-3.1066699867548846,-1.7421138694995277,0.3289514876903765,2.4051468493339554,3.803964728649716
potential_growth,adverse,combination,2026,0.9686358604109284,-1.385002698964437,-0.17866300696658263,1.097786935729601,2.089824385186377,2.7432277015019118
potential_growth,adverse,combination,2027,0.8507074500389037,-1.878874089100691,-0.6019495396250191,0.9602855586483676,2.307404679442843,3.201608207434161
potential_growth,adverse,combination,2028,0.8034097376226768,-2.2786812790605224,-0.954638641491463,0.8490194158486726,2.568122885129319,3.6714783062927294
potential_growth,adverse,combination,2029,0.8348165958985982,-2.3237025878097866,-1.0806161524847397,0.8763494906097846,2.7353049024083353,3.9746312795100036
potential_growth,adverse,combination,2030,0.8413214242171736,-2.7423706315582415,-1.2745600323242954,0.8444377256592528,2.8876556345019644,4.464295571344418
potential_growth,adverse,equal_weights,2026,1.0294092367946563,-1.0318381465363258,0.10358276104556118,1.1467481389570033,1.9718864969556344,2.532016637487242
potential_growth,adverse,equal_weights,2027,1.0440262340972875,-1.390144672106141,-0.3008370805592717,1.1126406938628552,2.416353793966224,3.2498411136495884
potential_growth,adverse,equal_weights,2028,1.0922068955109165,-1.6688959216302115,-0.5217916412923382,1.122277089378833,2.747975801862807,3.8342220253223123
potential_growth,adverse,equal_weights,2029,0.992489603009445,-2.0962921356089668,-0.8420276496288964,0.9675926357680293,2.8714419916204372,4.043522964481939
potential_growth,adverse,equal_weights,2030,0.9991781470553884,-2.5340081310896445,-1.0097050104906748,0.9437108034876786,3.0386444880139436,4.601490997984765
gdp_pc_pps,adverse,arima,2026,28842.65706418722,27155.07167678945,27830.946827987034,28835.41115883032,29853.049780215377,30539.135811005068
gdp_pc_pps,adverse,arima,2027,28918.82662018311,26178.90928764655,27193.970091998224,28964.049318086094,30598.586707880833,31596.994621617134
gdp_pc_pps,adverse,arima,2028,29014.610647327474,25263.555458212093,26801.889315344044,29057.06801838675,31209.581773435897,32735.955425242442
gdp_pc_pps,adverse,arima,2029,28964.1064698698,24393.102556584065,26276.65143397948,28979.04059627468,31661.144421573474,33379.44101791479
gdp_pc_pps,adverse,arima,2030,28965.82284349874,23846.479190944094,25813.201643273787,28901.47054717409,32086.230218647004,34281.25967306366
gdp_pc_pps,adverse,llt,2026,29748.914910684583,27939.161092951766,28625.818347564582,29805.46152422564,30882.556905360412,31576.421567124635
gdp_pc_pps,adverse,llt,2027,31145.487278961547,27918.15027653484,29203.913140760567,31196.719457982585,33041.08878276538,34327.721017484815
gdp_pc_pps,adverse,llt,2028,32541.62827848308,27768.297195997984,29586.735794768727,32541.88486856444,35458.90534187729,37190.877918579536
gdp_pc_pps,adverse,llt,2029,33736.315525478145,27156.57190894642,29619.7872776339,33754.051237503205,37788.411119139666,40276.89487378114
gdp_pc_pps,adverse,llt,2030,35313.62114555087,26818.45267676461,29876.145397924345,35234.501626423924,40436.01053288089,43947.24967006727
gdp_pc_pps,adverse,structural,2026,29767.190027986573,28793.481709609045,29185.540196672886,29760.892072505318,30369.333697211292,30721.249016019265
gdp_pc_pps,adverse,structural,2027,31021.190101831806,29317.196684875085,29964.87200303779,31004.749599441093,32093.845242177325,32773.34650309709
gdp_pc_pps,adverse,structural,2028,32260.191265900397,29731.878873588597,30785.89016048688,32203.9897016933,33802.952534101845,34883.147419923596
gdp_pc_pps,adverse,structural,2029,33509.86521929688,30213.80884730284,31445.335935885432,33420.46857765505,35591.984928749414,37070.03763393115
gdp_pc_pps,adverse,structural,2030,34816.020697233165,30727.6603204958,32315.744373268626,34632.71877082324,37412.31581976461,39475.889986881826
gdp_pc_pps,adverse,combination,2026,29495.056790252143,27791.622952486592,28611.505535559972,29598.75145104299,30354.50787338313,30883.602407408063
gdp_pc_pps,adverse,combination,2027,30430.59328311375,27276.482369881927,28686.93154567192,30612.722503864323,32024.603699671556,33018.1902003982
gdp_pc_pps,adverse,combination,2028,31379.387205473766,26951.68407486011,28851.846421196624,31535.450125075746,33748.746818871405,35322.937910772715
gdp_pc_pps,adverse,combination,2029,32247.963774214186,26218.193368914715,28861.070825982963,32516.3059128556,35450.25027420724,37572.37498839976
gdp_pc_pps,adverse,combination,2030,33248.307604784335,26015.57795740077,28761.212440552783,33497.72954706522,37273.12289525174,39902.0906978952
gdp_pc_pps,adverse,equal_weights,2026,29450.20185321625,27667.425092483554,28430.03572650211,29552.634834960256,30391.268698958367,30961.431963313164
gdp_pc_pps,adverse,equal_weights,2027,30397.258833913027,27038.309585716237,28511.156829337287,30564.653611578018,32162.5147659172,33349.20951860181
gdp_pc_pps,adverse,equal_weights,2028,31326.779579403694,26602.804375655705,28498.766050901617,31384.041255543045,34023.52167471471,35838.90688700557
gdp_pc_pps,adverse,equal_weights,2029,32151.126167830862,26033.14370188933,28285.050019154573,32183.566499668268,35763.49673326021,38760.02999541042
gdp_pc_pps,adverse,equal_weights,2030,33129.170635728755,25345.460088699365,28092.05842797842,33035.082254952984,37800.796646344745,41327.4193213342
population_mn,adverse,arima,2026,10.373108538255693,10.336123333997588,10.351340730527737,10.373261960578821,10.394530759245313,10.409869722969308
population_mn,adverse,arima,2027,10.392609145645878,10.318007520810578,10.346872490673313,10.392493102246391,10.43866891242846,10.466235829464592
population_mn,adverse,arima,2028,10.418436996319182,10.30102993725392,10.34802462957489,10.417075427121006,10.489477673249189,10.54075284488563
population_mn,adverse,arima,2029,10.452536461695855,10.296825496606052,10.353385443874306,10.451390269677944,10.548632494723641,10.616737955376385
population_mn,adverse,arima,2030,10.486484161142334,10.281019928208277,10.36117958455636,10.48640562816022,10.60966680546198,10.689353130708
population_mn,adverse,llt,2026,10.361077979408533,10.320590592009815,10.337226828847871,10.361530873303476,10.385696738877565,10.399728403995049
population_mn,adverse,llt,2027,10.3566412863088,10.268505716673873,10.300905918467551,10.355888300958457,10.410970565834663,10.446435211262546
population_mn,adverse,llt,2028,10.350272155760711,10.205938171958739,10.257947733405347,10.349188593217232,10.44182925253925,10.503455077431711
population_mn,adverse,llt,2029,10.342615872799303,10.123676889434247,10.205031283093232,10.34768250133088,10.476761194312447,10.559506760520957
population_mn,adverse,llt,2030,10.330581380855843,10.040210871458733,10.15207663730333,10.336151553357551,10.5017542137497,10.635989454686968
population_mn,adverse,structural,2026,10.339860268878088,10.305485078487541,10.319252013144764,10.339969957801262,10.360899625522482,10.37348772989785
population_mn,adverse,structural,2027,10.301501649440723,10.238763138685568,10.26350486202236,10.301043321653296,10.340059596166805,10.365324163552215
population_mn,adverse,structural,2028,10.258427644080154,10.171567517028514,10.205109492344135,10.258723580417794,10.313074973391421,10.346291942678834
population_mn,adverse,structural,2029,10.212107014975672,10.104637306264049,10.14568299221754,10.212643522917446,10.279913916936975,10.321992512003472
population_mn,adverse,structural,2030,10.16252061711493,10.031998944061488,10.085945909298347,10.160193361448119,10.242273751848792,10.290313586946512
population_mn,adverse,combination,2026,10.353769336546604,10.311604855771815,10.328168788193846,10.352654478191328,10.380658416128217,10.397936387413331
population_mn,adverse,combination,2027,10.338966331385206,10.251086878978269,10.279675231468536,10.333809762675582,10.403658266682118,10.440839143883734
population_mn,adverse,combination,2028,10.321185117391396,10.185277006070553,10.226604065585297,10.307324046381357,10.4252827147779,10.495820806347874
population_mn,adverse,combination,2029,10.305293884574898,10.117522062864321,10.171013861876002,10.279523678499736,10.463729932049894,10.552115891653198
population_mn,adverse,combination,2030,10.287847330644796,10.045581953325323,10.112302840462325,10.244540481008297,10.499415312339309,10.624018834518465
population_mn,adverse,equal_weights,2026,10.35790186369135,10.316760020492392,10.332257209418264,10.357664817050628,10.38508814808069,10.398477359159523
population_mn,adverse,equal_weights,2027,10.350207383921155,10.255716802713334,10.289610583447894,10.348146267825447,10.41347024027965,10.45173580134271
population_mn,adverse,equal_weights,2028,10.342739233467862,10.192493685325887,10.242398952904782,10.336540289556517,10.44782744717013,10.508273086239557
population_mn,adverse,equal_weights,2029,10.335547732185137,10.126187673812927,10.18801303849492,10.327246807699417,10.489014253594009,10.575993377475816
population_mn,adverse,equal_weights,2030,10.323281390729477,10.055547038189736,10.138210309859735,10.303224360779108,10.529303212231712,10.633182526957114
gdp_growth,favourable,arima,2026,2.7180153487787755,-4.292017392729899,-1.730399863824481,2.831814522437932,6.977820368820372,9.498573765954399
gdp_growth,favourable,arima,2027,2.6150421064557317,-5.649585791120976,-2.2558772501482087,2.6812270803488003,7.367986826889312,10.682839550073735
gdp_growth,favourable,arima,2028,2.855102114928419,-5.502371138795127,-2.2861213753943175,2.8834438446342237,7.707792309059138,11.121745771821578
gdp_growth,favourable,arima,2029,2.479575394628799,-6.77749848432651,-3.0861621787923394,2.4378239184367994,8.166319326499037,11.688895795925248
gdp_growth,favourable,arima,2030,2.438647691473652,-7.953076760823451,-3.7672969259497227,2.3319516272134635,8.836253596819764,12.5862916242276
gdp_growth,favourable,ar1,2026,1.9985516775393162,-4.465214066116757,-1.8977042140116132,2.0615963115833233,5.85615363348323,8.501479991308866
gdp_growth,favourable,ar1,2027,1.7524089100397269,-5.461295742949354,-2.794394818422884,1.701877752684195,6.277395889014957,9.015784922614948
gdp_growth,favourable,ar1,2028,1.52000958472849,-5.8281847761960215,-3.0988510222258405,1.5282954166464051,5.975171000959371,8.860160310247666
gdp_growth,favourable,ar1,2029,1.7787888170699608,-5.3466830716050024,-2.5586100904875404,1.7269253347883275,6.3103165554341984,8.99257331969045
gdp_growth,favourable,ar1,2030,1.6462436377706435,-5.944217349835367,-2.9646730613327494,1.4996293577913427,6.292636359168366,9.245062966496194
gdp_growth,favourable,bvar,2026,3.4201259316300616,-2.692752513338599,-0.3359200362661566,3.416307156800194,7.082618175017392,9.593278559010992
gdp_growth,favourable,bvar,2027,2.6598544919171068,-4.079415024983137,-1.5549272465208546,2.557262051299028,6.840222338934673,9.712410024937153
gdp_growth,favourable,bvar,2028,2.1928004832430985,-5.145205612179269,-2.3185334645032936,2.216994360580977,6.6193315143493185,9.601062836247769
gdp_growth,favourable,bvar,2029,1.874115328940465,-5.665177129273385,-2.6954611701580067,1.8988559568081806,6.489999375004773,9.626399483264525
gdp_growth,favourable,bvar,2030,1.788617814083875,-6.033255343663254,-2.8496253910808353,1.863693420751505,6.397281232395852,9.449483290109661
gdp_growth,favourable,structural,2026,2.433805885287311,-0.2231689273735648,0.7944466452658672,2.470117323923904,4.036131843697199,4.9134558713218945
gdp_growth,favourable,structural,2027,2.3778653194160713,-0.5168480911079103,0.6638769256715192,2.37842263329745,4.094452214044451,5.365866469926802
gdp_growth,favourable,structural,2028,2.4046570578661295,-0.6580492458640069,0.5545798365143234,2.425889434843842,4.281555110125161,5.515691569470357
gdp_growth,favourable,structural,2029,2.4948196439428703,-0.6970352391520895,0.4751696976537051,2.5113527216482856,4.426192109047646,5.639338090503104
gdp_growth,favourable,structural,2030,2.6431878977893524,-0.8021426912538637,0.5778076102971995,2.6722376070163367,4.771855482125564,6.186454068411182
gdp_growth,favourable,combination,2026,2.5704369356162142,-2.6320623777753274,0.1303352750023174,2.5611614843643493,5.010937292934104,7.882677480628754
gdp_growth,favourable,combination,2027,2.381821356293434,-3.8602021995378157,-0.5335587361887454,2.3863902741913314,5.3305714273231155,8.60858833554433
gdp_growth,favourable,combination,2028,2.3688236218705927,-3.703972973981124,-0.5832995665412378,2.3819811565406135,5.343409903639345,8.444411004049641
gdp_growth,favourable,combination,2029,2.2028255177058953,-4.15698568864692,-0.961435938228131,2.1999235644011295,5.276879833933189,8.50265723603916
gdp_growth,favourable,combination,2030,2.238049891106614,-4.443244335738366,-1.0340228890358345,2.4093814462615493,5.588146254997418,8.675356911811523
gdp_growth,favourable,equal_weights,2026,2.5543448056249436,-3.337497284196793,-0.8878061609914326,2.707749523002553,5.799477307272718,8.645229842520799
gdp_growth,favourable,equal_weights,2027,2.2956977319468446,-4.517312818613535,-1.4543893233011087,2.342079107640871,5.954008489346958,8.86708036417711
gdp_growth,favourable,equal_weights,2028,2.286310131255405,-4.761672446670204,-1.6206229627298354,2.403598373658917,6.116769308337226,9.307934390337307
gdp_growth,favourable,equal_weights,2029,2.116061511534002,-5.211407031301551,-1.7152791941915202,2.1791309397490473,5.969335310800132,9.468811782840861
gdp_growth,favourable,equal_weights,2030,2.0644259122225397,-5.691352230605496,-2.1725011832851373,2.2112985114442436,6.173538452609428,9.603219942295938
hicp_inflation,favourable,arima,2026,2.8648755009101303,-0.8611192155860514,0.6543425137900328,2.8424470127644454,5.1128207031512725,6.62672671218611
hicp_inflation,favourable,arima,2027,3.055204237596744,-1.2662223333121947,0.3614623796329594,3.1254047336572546,5.726268224818479,7.478571296096157
hicp_inflation,favourable,arima,2028,3.2192878430532574,-1.6357552982533208,0.23779081160584395,3.2313230622226756,6.1626172178655665,8.029786427776896
hicp_inflation,favourable,arima,2029,3.216177607824383,-2.202540285578085,0.049028843030932946,3.2180954923583385,6.387361428428403,8.523453036824707
hicp_inflation,favourable,arima,2030,3.2608533704218865,-2.2113403881525913,-0.07814644127418041,3.2757446360106544,6.599026313209758,8.702491949425239
hicp_inflation,favourable,ar1,2026,2.599316230536809,-0.866157240095111,0.5323975226364213,2.6450236954576116,4.622414469004973,5.956756606795188
hicp_inflation,favourable,ar1,2027,2.7504365878245984,-1.1068940054726886,0.33758121167254723,2.7562903204009293,4.998462402426315,6.731012831610799
hicp_inflation,favourable,ar1,2028,2.747962740529026,-1.363937393506282,0.3107862394612377,2.6792354308901576,5.277352375038004,6.822705156461191
hicp_inflation,favourable,ar1,2029,2.82893136323175,-1.2262524114235103,0.38327543356454286,2.8244788208049316,5.308177048626929,6.83706616074027
hicp_inflation,favourable,ar1,2030,2.797136112380263,-1.3229069910089073,0.26588093785556555,2.7911089984302824,5.329789955328219,7.019840819127526
hicp_inflation,favourable,anchored,2026,2.217034171767026,-1.3016766470901553,0.07860238729265215,2.1512692914857388,4.378600710172751,5.849457322074334
hicp_inflation,favourable,anchored,2027,2.0452584034549717,-1.9091289746669207,-0.2682288754606022,2.0648319903711805,4.470754508856162,6.014470456828633
hicp_inflation,favourable,anchored,2028,2.1162658067354787,-2.0885642249151735,-0.3473826869354401,2.041443679989733,4.653502313000303,6.339304152721254
hicp_inflation,favourable,anchored,2029,2.112049495582268,-2.2434396834145764,-0.58440708467569,2.136515862807437,4.793436077248111,6.462358939289709
hicp_inflation,favourable,anchored,2030,2.082699779877301,-2.2650096710071996,-0.4727024113962405,2.1639420715699655,4.519875099237049,6.2058226393950955
hicp_inflation,favourable,bvar,2026,3.4017214342953714,0.8254622950480018,1.8609256410241788,3.3870077772122045,4.907613912535028,5.991563184614284
hicp_inflation,favourable,bvar,2027,3.662711524350591,0.7730967244224952,1.9409614255148884,3.631252619765446,5.469476966963247,6.745055895319877
hicp_inflation,favourable,bvar,2028,3.6782055569868954,0.6520431240589205,1.7385163735614824,3.68863434355007,5.548091466420798,6.815234270696824
hicp_inflation,favourable,bvar,2029,3.6117464495571188,0.3554716765642809,1.5797131319040913,3.5637684102619698,5.607765150846797,6.86497589370539
hicp_inflation,favourable,bvar,2030,3.479528760010239,0.1415132323020837,1.4408471097844073,3.4247516973024714,5.538692377034082,7.0381478251542
hicp_inflation,favourable,combination,2026,2.7797243712071698,-0.7362702882371308,0.7294365410049481,2.877759823569498,4.7972243740298754,6.072627746765203
hicp_inflation,favourable,combination,2027,2.9018420699521035,-0.9218426995188854,0.5645366254816293,3.0150345360151816,5.196871762672634,6.756329367198076
hicp_inflation,favourable,combination,2028,2.9184898022422083,-1.2825244613737055,0.5084261360202083,2.982804332780746,5.3492118701272195,6.850597706612893
hicp_inflation,favourable,combination,2029,2.815874300566051,-1.4469858756909662,0.2612905457202999,2.8668531595161113,5.374984909012611,6.7435602450601975
hicp_inflation,favourable,combination,2030,2.87846898753313,-1.3967645653017922,0.3093166851500055,2.8188384820237924,5.545176469513185,7.193304567841225
hicp_inflation,favourable,equal_weights,2026,2.7023796215491362,-0.7377815619476968,0.7221036520355223,2.7433932484240913,4.674773821731291,5.984733972974932
hicp_inflation,favourable,equal_weights,2027,2.885457565137561,-1.2445999866194413,0.4499524935811235,2.9007533598535575,5.329347779859105,6.969148704762953
hicp_inflation,favourable,equal_weights,2028,2.959063096687484,-1.38707153142563,0.3867793371015884,2.9394536929436486,5.579657109291439,7.129317669952733
hicp_inflation,favourable,equal_weights,2029,2.9403550970674552,-1.5055554685995547,0.28785940206770405,2.970251910966139,5.504316247361131,7.2599474981822905
hicp_inflation,favourable,equal_weights,2030,2.9135868703478867,-1.641671266033517,0.2651538734438399,2.9490205177555695,5.540537525726345,7.23078747104359
unemployment_rate,favourable,arima,2026,7.953842654549359,5.867055281658471,6.699664712495763,7.963036152492868,9.20636196642707,10.027578751112495
unemployment_rate,favourable,arima,2027,7.296072019020015,2.6544416901049637,4.332664937350831,7.246718290657543,10.286545589473494,12.063980962178913
unemployment_rate,favourable,arima,2028,7.249760361297163,-0.18810161256494343,2.7774887161712773,7.168858383541552,11.89158568028018,14.876974249915627
unemployment_rate,favourable,arima,2029,6.988688367839994,-2.9869318685573916,1.2058257824763745,6.999755239974123,12.937907975901819,16.925689811565153
unemployment_rate,favourable,arima,2030,7.199403208075051,-5.041471634623515,-0.08814535385720629,7.15711259224047,14.618113978290909,19.101659130137612
unemployment_rate,favourable,bvar,2026,8.455193744186259,5.890293759397832,6.851893534205477,8.451588266222625,10.014787201986254,10.997479989702924
unemployment_rate,favourable,bvar,2027,8.39806822010968,3.7505454017603603,5.674566210392981,8.458450432158152,11.16196284516508,12.65365097223555
unemployment_rate,favourable,bvar,2028,8.63360028519927,2.339358051712853,5.034992268227451,8.64330994278688,12.396208613897189,14.584003495122731
unemployment_rate,favourable,bvar,2029,9.051252921740465,1.3527810823763389,4.499661121402689,9.264407921112749,13.618666802095072,16.484003926539387
unemployment_rate,favourable,bvar,2030,9.441457537117014,0.34950222063896175,4.259643003874263,9.7456375653153,14.586679775764745,18.077398200344234
unemployment_rate,favourable,structural,2026,9.059023329354744,6.66477194581155,7.603585012500962,9.033336850178966,10.549106404352264,11.545099861292751
unemployment_rate,favourable,structural,2027,9.169671997121219,5.667118340574392,7.058390419628615,9.18822259141476,11.375866008865971,12.600755662137395
unemployment_rate,favourable,structural,2028,9.27220048167009,4.985463163502846,6.720350520199366,9.230502322920245,11.825122631128758,13.552188196175555
unemployment_rate,favourable,structural,2029,9.337857601326093,4.4590895894709455,6.362564219812235,9.307550804051456,12.319386394418043,14.316845681960295
unemployment_rate,favourable,structural,2030,9.397918756584842,4.121470092653499,6.062586032893306,9.297362309291593,12.653491678875362,14.887325150385525
unemployment_rate,favourable,combination,2026,8.629063549737333,6.143843928379737,7.077842458415181,8.594273605945668,10.189330096305923,11.24059678343424
unemployment_rate,favourable,combination,2027,8.46976701969955,3.7510720070999457,5.7332529650582,8.590743561486086,11.144519939125301,12.548461876977385
unemployment_rate,favourable,combination,2028,8.559793256580434,2.0185401306713273,5.09621921790541,8.753806908024956,12.056848113150057,14.30577751692567
unemployment_rate,favourable,combination,2029,8.674377302364611,0.8181590692507792,4.518162258976311,8.929253818659523,12.946546907942118,15.502650723125093
unemployment_rate,favourable,combination,2030,8.831041606827975,-0.5577515580545663,4.0268084076689865,9.13315902504359,13.609849474937763,17.18080140130963
unemployment_rate,favourable,equal_weights,2026,8.500217813428716,6.091280182079378,6.973335171844244,8.458758956983718,10.013512000187719,11.109152090440661
unemployment_rate,favourable,equal_weights,2027,8.382270203873631,3.8581918508796043,5.615771154702066,8.448297329335718,11.089458846702115,12.576202601555423
unemployment_rate,favourable,equal_weights,2028,8.433764617078069,1.752443244403475,4.840457699846125,8.716440005427323,11.888227508088375,14.24621679631053
unemployment_rate,favourable,equal_weights,2029,8.469915114530764,0.04791640277780075,3.9020471062324122,8.805287265011604,12.81358612554559,15.907732892211877
unemployment_rate,favourable,equal_weights,2030,8.802338458547018,-1.7297555582851218,3.581533956717973,9.229284925567594,13.758908611213137,17.834852563424104
investment_growth,favourable,arima,2026,5.916248659138346,-10.913212752080447,-3.792319071201566,5.5598155584611515,15.63390916877304,22.464598410601276
investment_growth,favourable,arima,2027,4.924935303783735,-14.603121414434309,-6.393378502660165,5.110038608297655,16.510761923907335,24.05121638059649
investment_growth,favourable,arima,2028,4.036077702651068,-16.355628433988578,-8.403986680730773,3.9412405988816595,16.64689391813134,24.904128172013994
investment_growth,favourable,arima,2029,3.3516655363419185,-18.335310927472285,-9.775963244849045,3.603390361032736,16.01659522015488,23.89200289691982
investment_growth,favourable,arima,2030,2.7806001121334094,-18.728124172843497,-10.448196150858765,2.6867582157117655,16.12007449191306,24.79427053840272
investment_growth,favourable,ar1,2026,6.359127744836511,-9.303179544318366,-3.1574211456820747,6.092449671627936,16.399917999835615,21.868508792427694
investment_growth,favourable,ar1,2027,4.609636483925883,-14.135513358990748,-6.831012224437905,4.6301147880055815,15.675206064821712,23.29014481224589
investment_growth,favourable,ar1,2028,3.610175646616048,-15.187434757312571,-8.261644768422288,3.4324284721702476,15.145051192761686,23.280975732059417
investment_growth,favourable,ar1,2029,3.0743885849806203,-15.72420808259634,-8.428915304876062,2.9771821733463533,14.805466162503594,22.27668562509955
investment_growth,favourable,ar1,2030,2.8912000447226194,-16.09402116725152,-8.282123925045282,2.5701344981954937,14.951279846645688,21.742379934528827
investment_growth,favourable,bvar,2026,5.8600891136038005,-10.431411473716699,-4.101633549248783,6.056981016352107,15.610344830592611,22.128720793106776
investment_growth,favourable,bvar,2027,3.5695664360264745,-14.220749825321828,-7.067106946401267,3.313601976036317,14.645054516414172,22.1968927205961
investment_growth,favourable,bvar,2028,2.2119339038233607,-17.305537142494526,-8.855512404058622,2.2790832974730364,13.561291510296643,21.637070579555836
investment_growth,favourable,bvar,2029,1.1645618029567242,-18.080269730920396,-10.4318531955221,1.0828254451629737,12.907594174579248,20.845392002241237
investment_growth,favourable,bvar,2030,1.3032957040987154,-18.64320707326551,-10.243886569077247,1.2129880617904465,13.042495066617976,21.349914780530128
investment_growth,favourable,combination,2026,6.390487808919725,-10.375853511104815,-3.213714885146213,6.519457082695508,16.31560983299956,22.027519761222194
investment_growth,favourable,combination,2027,4.3476905281816,-14.603121414434309,-6.5166130433547975,4.240006686490066,15.558173012799548,22.2417696705497
investment_growth,favourable,combination,2028,2.8207803767262503,-16.821759023698355,-9.114569452857765,2.569354437281821,14.511288370343102,22.866432654755315
investment_growth,favourable,combination,2029,2.390078058623879,-17.242653998507784,-9.560844801310136,2.3904307758293446,14.27277905548099,22.09562711756505
investment_growth,favourable,combination,2030,2.420193215645404,-18.17534940002029,-8.908436592728814,2.0126992489876194,14.922058639560312,22.37637041106332
investment_growth,favourable,equal_weights,2026,5.986864385030053,-9.454973068732265,-3.823223973900396,5.672777796142876,16.1495771396673,21.741845251509936
investment_growth,favourable,equal_weights,2027,4.498886954410629,-14.41529633704355,-6.887672700675455,4.592459498448015,15.697420878133899,22.945460969081058
investment_growth,favourable,equal_weights,2028,3.0465613269564664,-16.481611548235616,-8.826145843712244,2.8204138703249435,15.032874599156276,23.091769551439498
investment_growth,favourable,equal_weights,2029,2.6293501714611223,-18.07486851731341,-9.65475240498569,2.385770952113284,15.37457142048145,22.1070415028003
investment_growth,favourable,equal_weights,2030,2.329770698941123,-17.947868726637004,-10.192599869569623,1.9675614714167873,14.88987767103459,23.81317588429109
current_account_pct_gdp,favourable,arima,2026,-5.6355009562673315,-9.440667758098257,-8.00596005266337,-5.677718115861975,-3.2091926226871745,-1.6918806545381835
current_account_pct_gdp,favourable,arima,2027,-5.653801266562824,-11.209558464996075,-8.988318645580614,-5.63226724118854,-2.3230787217557225,-0.3628485031902544
current_account_pct_gdp,favourable,arima,2028,-5.562010639480064,-12.375739102237043,-9.44313810624446,-5.558892802909354,-1.4060934201460604,0.8888584144548304
current_account_pct_gdp,favourable,arima,2029,-5.646195408485486,-13.25898357597848,-10.163385282021748,-5.7814897150110784,-0.9076011592696261,2.0117475047149833
current_account_pct_gdp,favourable,arima,2030,-5.599871164132636,-14.188273817982509,-11.018296367131843,-5.599197120324003,-0.17364395233105986,3.048470177923502
current_account_pct_gdp,favourable,ar1,2026,-5.726932151327379,-9.330371761588003,-7.857683407861563,-5.735496409939135,-3.5599775644218967,-2.247944093742158
current_account_pct_gdp,favourable,ar1,2027,-5.724377417421378,-10.361878698964182,-8.58310006208447,-5.736760958524853,-2.942415667282411,-1.2049307450138789
current_account_pct_gdp,favourable,ar1,2028,-5.650960366280732,-10.677892568912556,-8.721799313511685,-5.758588744584131,-2.5268696599217093,-0.3161333387029031
current_account_pct_gdp,favourable,ar1,2029,-5.71221224947826,-11.093311839333929,-8.933876411242693,-5.682529917962059,-2.4965162307705198,-0.5124778398199219
current_account_pct_gdp,favourable,ar1,2030,-5.765824856222131,-11.337020320681093,-8.96731185300039,-5.773923705904144,-2.482504785669036,-0.09550029794210904
current_account_pct_gdp,favourable,bvar,2026,-7.720718102567548,-11.28980003968025,-9.941359248976317,-7.748978444067075,-5.509670441354698,-3.986322450524727
current_account_pct_gdp,favourable,bvar,2027,-8.398462285586755,-12.889174268466531,-11.06502971476836,-8.389629117669825,-5.771556392469642,-4.066735431782513
current_account_pct_gdp,favourable,bvar,2028,-8.486669882656035,-13.296137529380387,-11.407734461021915,-8.398273535238385,-5.691436828698257,-3.8971491035800008
current_account_pct_gdp,favourable,bvar,2029,-8.460362319767968,-13.29699199048667,-11.379322218262992,-8.494641065665881,-5.565657947547424,-3.3314923697400403
current_account_pct_gdp,favourable,bvar,2030,-8.358447325507155,-13.529450203519305,-11.509316825435397,-8.303601610380287,-5.290464199294406,-3.23306689805189
current_account_pct_gdp,favourable,combination,2026,-6.352508287027073,-10.390820596719147,-8.780103920929827,-6.306649015262014,-3.954510113945473,-2.461956361139396
current_account_pct_gdp,favourable,combination,2027,-6.542116904922692,-11.872562401349256,-9.755893944923033,-6.534870856529909,-3.363415208971645,-1.3698962238896524
current_account_pct_gdp,favourable,combination,2028,-6.607891288527433,-12.395790246861155,-10.122910488775785,-6.670102371096838,-2.919766723487368,-0.45523575902220953
current_account_pct_gdp,favourable,combination,2029,-6.60802005022369,-12.771117518787102,-10.39695251652232,-6.733560655509756,-2.7523784386372787,-0.07174893064320674
current_account_pct_gdp,favourable,combination,2030,-6.527605011469718,-13.093915317746532,-10.528966272393978,-6.718167915713167,-2.458587113984625,0.7916170001746364
current_account_pct_gdp,favourable,equal_weights,2026,-6.3801460195067214,-10.618254944336728,-8.82563335525765,-6.319523411136785,-3.8766145931821687,-2.398839804141991
current_account_pct_gdp,favourable,equal_weights,2027,-6.559758248167349,-11.878053841903522,-9.756532080613743,-6.587020006213211,-3.372985835568534,-1.2870103118775753
current_account_pct_gdp,favourable,equal_weights,2028,-6.6143537555937515,-12.336497009651582,-10.192749601011297,-6.721510909064111,-2.9385963239538837,-0.60758604878943
current_account_pct_gdp,favourable,equal_weights,2029,-6.7063550629164475,-12.883355334006735,-10.568799757671028,-6.889718568550439,-2.674758352383464,-0.06254475610830731
current_account_pct_gdp,favourable,equal_weights,2030,-6.61740509112811,-13.09887927477735,-10.711770262474639,-6.781866238009352,-2.6380546378254572,0.6933202913289148
tfp_growth,favourable,arima,2026,2.069882422469596,-2.4170748089070946,-0.6351988098474124,2.1005434843960504,4.741667440281994,6.574370889932502
tfp_growth,favourable,arima,2027,2.018158798956389,-3.179766862065684,-1.0451971927339065,2.057322615901157,4.9949587658618375,7.064238260909905
tfp_growth,favourable,arima,2028,1.988366165314723,-3.547755787358648,-1.2964647098716358,1.953045902560679,5.275176155733276,7.519467431324147
tfp_growth,favourable,arima,2029,2.0246964935341736,-3.951871275594112,-1.6846102918096912,2.0673598867685454,5.633564158265262,8.096905904007164
tfp_growth,favourable,arima,2030,2.013409419105179,-4.541002883542047,-2.1400621985553023,2.0585744176214558,6.045121439587888,8.429518491367473
tfp_growth,favourable,ar1,2026,1.8277456149736504,-2.4067017180794625,-0.7059139139260504,1.8897212311780285,4.221588210300048,6.084581464943424
tfp_growth,favourable,ar1,2027,1.403365285575257,-3.0419508497325114,-1.367694717265211,1.4273872503467748,4.070343429501517,5.749799561854536
tfp_growth,favourable,ar1,2028,1.1665263504981922,-3.616430376691103,-1.669364186063526,1.1721315271080914,4.046887325116942,5.837012292659554
tfp_growth,favourable,ar1,2029,1.119160671981446,-3.4894660603824392,-1.642831691986015,1.1641222283309545,3.9567031045369454,5.495574247181572
tfp_growth,favourable,ar1,2030,1.1985029969307361,-3.4930937058708293,-1.555129123491893,1.1752535646000262,3.9816985029671956,5.826044828163042
tfp_growth,favourable,llt,2026,2.006715643012689,-2.9403173221290673,-0.7342390075435464,2.0057750165985104,4.781515816590037,6.686934097365133
tfp_growth,favourable,llt,2027,2.069669531552535,-3.3698442699508675,-1.147230382805802,2.1207184205866394,5.369915738424316,7.510988072456754
tfp_growth,favourable,llt,2028,2.1364913122702545,-3.6403094248293537,-1.4844317514134542,2.1811346909292575,5.775554938462144,8.099773470710366
tfp_growth,favourable,llt,2029,2.050140934626665,-4.550808702845755,-1.9618453774165692,2.0180892114295093,6.014894083481354,8.763985688599032
tfp_growth,favourable,llt,2030,2.06957136110079,-5.302624685460165,-2.490300214146722,2.018227007962576,6.59153719866012,9.621345916916408
tfp_growth,favourable,combination,2026,1.9278111188135123,-2.5493994335134067,-0.7167115402766384,1.9445769987550334,4.588960483106248,6.394175195744992
tfp_growth,favourable,combination,2027,1.7700754470110895,-3.0241001262580767,-1.0981708282185565,1.808578717898901,4.65891158212273,6.628168604227811
tfp_growth,favourable,combination,2028,1.6959857458335492,-3.619253547677579,-1.4736496904031566,1.6210727831831697,4.835179475725762,7.089117397995077
tfp_growth,favourable,combination,2029,1.6290774979512022,-3.745436931447323,-1.6812661309114005,1.5726626214058381,4.874224136228535,7.144912252070523
tfp_growth,favourable,combination,2030,1.7418291176118845,-4.113324903036493,-1.724614263549221,1.636191369737153,5.283223132026484,7.847377299717616
tfp_growth,favourable,equal_weights,2026,1.9849583359934748,-2.5892613936626825,-0.6826121648899088,1.9927438457496194,4.6435074818209126,6.393500911927212
tfp_growth,favourable,equal_weights,2027,1.7841316828608733,-3.4473991743549535,-1.2548372235655203,1.8873068554171506,4.807453812175176,6.790128524201199
tfp_growth,favourable,equal_weights,2028,1.774441862423102,-3.568352156734596,-1.553390524211448,1.7790163866801307,4.9989363262065085,7.4228192591648545
tfp_growth,favourable,equal_weights,2029,1.757048375364898,-3.97551373220281,-1.7202640118016665,1.7602555455896653,5.19529789477831,7.414859001663349
tfp_growth,favourable,equal_weights,2030,1.9750026662465874,-4.178728346710936,-1.7316593397664715,1.7953787662595715,5.827135844658883,8.457874715700223
fertility_rate,favourable,arima,2026,1.2545182591207737,1.195939828824921,1.2196284062758282,1.2544082866222082,1.2899643278844275,1.311841882846267
fertility_rate,favourable,arima,2027,1.2780006777830442,1.1864949623306138,1.221073076184472,1.2782168804781198,1.3334288853737901,1.3713954548005505
fertility_rate,favourable,arima,2028,1.2993876056867615,1.1903716195722702,1.2346168945690086,1.2998160893376058,1.36596812559521,1.4106650284127624
fertility_rate,favourable,arima,2029,1.321569010757709,1.2029101778790745,1.2515631046629447,1.3230424659929474,1.393497975779638,1.4373413107184103
fertility_rate,favourable,arima,2030,1.3309985660429955,1.2114004998025831,1.2584034076880612,1.3314194646850273,1.3996740747275382,1.4516621824119262
fertility_rate,favourable,llt,2026,1.2121538629727369,1.1394980090374862,1.1683734128812546,1.212117791283207,1.2564939775861461,1.2844980188765207
fertility_rate,favourable,llt,2027,1.1837953049383139,1.0626997104107418,1.1074555646759263,1.1843872193784017,1.2585395811653137,1.3046134357648704
fertility_rate,favourable,llt,2028,1.1580902228913024,0.9836114545895382,1.0548279403336138,1.1603043388534071,1.2607550872610003,1.3264522001008257
fertility_rate,favourable,llt,2029,1.126303205425322,0.911697569357273,0.997149447526581,1.1254751338873057,1.25349871024554,1.3456120870187418
fertility_rate,favourable,llt,2030,1.099267432583235,0.8305573844690414,0.9350260659420552,1.1002962747134808,1.2572355170408513,1.3651091103268838
fertility_rate,favourable,ar1,2026,1.254681243542638,1.1910938941228768,1.2165134880782984,1.2541225841153287,1.2934172012621228,1.3177875894031439
fertility_rate,favourable,ar1,2027,1.2684063332285724,1.1846129791271887,1.2163094699866968,1.2696797683764496,1.3192695677588935,1.3525227430691023
fertility_rate,favourable,ar1,2028,1.2790480912222408,1.182896813209657,1.2229892890610896,1.2780476527311673,1.3385939887934402,1.3766980154123971
fertility_rate,favourable,ar1,2029,1.285903754869737,1.1843104470674728,1.2234565000094753,1.2854492036609608,1.3491434413503636,1.3877612669293227
fertility_rate,favourable,ar1,2030,1.2957144734002515,1.1848813282490653,1.23089980785889,1.2967593245796443,1.3603843718273099,1.4046190558825657
fertility_rate,favourable,combination,2026,1.2474624762063478,1.1735822157601044,1.2051960234789572,1.2483985048409123,1.2893831771118889,1.3143891915987278
fertility_rate,favourable,combination,2027,1.2563557431171628,1.133749835777141,1.1944417016642725,1.2639262381724001,1.319414688076144,1.3545349170327634
fertility_rate,favourable,combination,2028,1.2640346312198558,1.1069823185296173,1.1956276353797166,1.2713514742157983,1.3388718306433396,1.3867142846306215
fertility_rate,favourable,combination,2029,1.2686808522894013,1.0566027404933307,1.1901547564671966,1.282801109490924,1.3607382772968897,1.4072822532630105
fertility_rate,favourable,combination,2030,1.2710393895373777,1.0154598546407203,1.188088113828216,1.2902179461274281,1.3716428093328685,1.4193289549356685
fertility_rate,favourable,equal_weights,2026,1.2391020139457742,1.1610341880268837,1.1945191366295094,1.2405810205041075,1.283722883721064,1.3110065082005204
fertility_rate,favourable,equal_weights,2027,1.2417919870794627,1.1024594632928972,1.1676649343907897,1.2495238811607972,1.3129684978078726,1.3504057829658196
fertility_rate,favourable,equal_weights,2028,1.2444556910564126,1.0493279544306175,1.1446804264814892,1.2574707775448615,1.3386180835140407,1.388150565224579
fertility_rate,favourable,equal_weights,2029,1.2423240103050712,0.9945535442151101,1.1100064792495559,1.2683180624981214,1.3583031021803489,1.4073646636429047
fertility_rate,favourable,equal_weights,2030,1.2402662922564545,0.9309103526773963,1.0821143071741386,1.2806959146717949,1.3657662272891022,1.4182432924811565
public_debt_pct_gdp,favourable,arima,2026,145.50934195348674,126.5119289035682,134.33197234102025,145.38237411790084,156.63415619312335,164.9911687839836
public_debt_pct_gdp,favourable,arima,2027,144.624964921847,119.68540057266813,129.61556890777072,144.54763222643234,159.72914242690138,169.8601564098674
public_debt_pct_gdp,favourable,arima,2028,144.33429472904132,112.20521830427494,124.47558269447237,144.69644146349597,164.1907861166889,176.70069421429372
public_debt_pct_gdp,favourable,arima,2029,143.3354272830297,109.06278983117468,121.52159965654175,143.2724373867419,165.1277283857929,178.49676024441726
public_debt_pct_gdp,favourable,arima,2030,142.24320796328539,101.63477694835277,117.87546098400341,142.39355189106516,166.9836033347259,182.8451869671362
public_debt_pct_gdp,favourable,llt,2026,137.6839837607341,119.13420931899184,126.6416134554044,137.305929629697,148.86174943318036,156.9273949005221
public_debt_pct_gdp,favourable,llt,2027,129.61884919032997,100.10883041459809,111.50194069580223,129.8083533058425,146.95895440467007,160.67125412446393
public_debt_pct_gdp,favourable,llt,2028,120.504890948758,78.66321563851528,94.51992579840908,120.7307745483698,146.53874656619874,162.07012688550427
public_debt_pct_gdp,favourable,llt,2029,111.06795943436609,54.16467526093965,77.58115516729345,112.19482207699869,143.0342587132318,164.68005787376458
public_debt_pct_gdp,favourable,llt,2030,103.6102555852798,37.28550495615236,63.168423473025456,103.97810252309857,143.57125250807957,169.3019928432773
public_debt_pct_gdp,favourable,structural,2026,135.33619451733847,128.80057061388456,131.49640123675456,135.3794545659121,139.30723288352743,141.86303304460935
public_debt_pct_gdp,favourable,structural,2027,125.9081430757039,115.32548165454283,119.73514165373776,125.63253359736825,132.4832846407228,136.9937780478518
public_debt_pct_gdp,favourable,structural,2028,117.78763750777026,103.53693879382526,109.04296086304393,117.41559483454304,126.61526327121237,133.10847085849355
public_debt_pct_gdp,favourable,structural,2029,110.83330617557249,92.90816041257942,99.6455712755429,110.3316156236821,122.25857470232695,130.00806537630015
public_debt_pct_gdp,favourable,structural,2030,104.89388469859398,83.67451609688439,91.4027152023296,104.56055491773144,117.92528732744074,128.18504735960806
public_debt_pct_gdp,favourable,combination,2026,138.8839174262097,125.74730629158091,131.05163561418172,136.9722329382986,148.53834380657014,157.52640980779037
public_debt_pct_gdp,favourable,combination,2027,132.75478015698388,112.68831726598764,120.40561349464124,129.88745545243418,148.65165584090403,161.9880998493947
public_debt_pct_gdp,favourable,combination,2028,125.91148500185776,96.93823597762808,109.34826494140951,122.40141361839974,146.75569966857338,165.78177636293603
public_debt_pct_gdp,favourable,combination,2029,120.62205573344391,83.24727430930574,99.94386858627671,116.5179470884907,147.82740954925197,168.1875778277495
public_debt_pct_gdp,favourable,combination,2030,115.7144052224285,71.85244218421008,90.69707495414305,111.40456688242284,147.9575164695841,170.00116563162146
public_debt_pct_gdp,favourable,equal_weights,2026,139.53190541710373,124.17107303770182,130.77866941192312,137.79972019761533,150.3988991724763,158.96144061814167
public_debt_pct_gdp,favourable,equal_weights,2027,133.2418387827948,108.71749065910407,119.43298737666761,131.02774121203979,150.13925199046446,163.26506005633183
public_debt_pct_gdp,favourable,equal_weights,2028,127.27046320208984,92.69551236621935,107.95696458833926,124.67769312737983,150.50769802810834,167.401845452959
public_debt_pct_gdp,favourable,equal_weights,2029,120.91606477913767,76.83497063161234,96.33695285522539,118.96876629416818,149.26374868345133,167.61051817602527
public_debt_pct_gdp,favourable,equal_weights,2030,116.77525381834964,58.07825111993445,88.2978985364622,114.62255719714933,151.4385562516108,172.53251080753037
private_debt_pct_gdp,favourable,arima,2026,95.50919354163014,84.80748041369488,88.785107826,95.5341343195648,102.18228888503472,106.54178881979516
private_debt_pct_gdp,favourable,arima,2027,94.10527324515552,76.99555618641077,83.85022544753521,94.13395266980703,104.09065642985232,110.59296182039648
private_debt_pct_gdp,favourable,arima,2028,93.66137401488972,70.90391537155435,80.1964248259319,93.51934503850124,107.45063605973834,115.92654473640519
private_debt_pct_gdp,favourable,arima,2029,92.05791295404508,63.88799558732005,74.3549440101503,92.47314186743249,109.54547438382323,120.50584853449497
private_debt_pct_gdp,favourable,arima,2030,92.2933875247657,57.20099627832687,71.01667698063932,92.36713998281854,113.31605268772928,126.46232343953085
private_debt_pct_gdp,favourable,llt,2026,94.33648056368155,83.43594180001138,87.41857317403748,94.39880310652222,101.21852517812502,105.17433096267426
private_debt_pct_gdp,favourable,llt,2027,92.03950811351537,74.63693627781515,81.14489616542198,92.08299398037454,103.16867460114676,109.76289300850063
private_debt_pct_gdp,favourable,llt,2028,89.38409799588483,63.87657225003155,74.184019252522,89.86143287607007,104.11839789105191,114.08141490337519
private_debt_pct_gdp,favourable,llt,2029,86.54139026763951,54.59872909782022,67.57149935627793,86.43194123695244,105.78927028353652,117.95873914800968
private_debt_pct_gdp,favourable,llt,2030,84.80665398868521,45.371186243612215,61.108449802025234,84.44219264288733,108.45965539164088,125.94659175979058
private_debt_pct_gdp,favourable,structural,2026,96.33531899754755,90.53423593857197,92.85607538099504,96.34843833128711,99.85606062888229,102.08838620762671
private_debt_pct_gdp,favourable,structural,2027,95.56990817675536,85.44187975125837,89.28880332012409,95.54772740678047,101.79245384128365,106.08588935987675
private_debt_pct_gdp,favourable,structural,2028,94.67555421875583,81.01692586826682,86.01053043363598,94.41073496820803,103.47737098592113,109.34839608368176
private_debt_pct_gdp,favourable,structural,2029,93.81104474574262,75.9259459228251,82.6448563091617,93.28630676611455,105.16468589451755,112.86521596480019
private_debt_pct_gdp,favourable,structural,2030,92.95425483767819,71.78306445934966,79.99539216024695,92.36831894699179,106.21650626737166,116.11092800107586
private_debt_pct_gdp,favourable,combination,2026,95.69114697519905,86.50450856712403,90.92845729512504,95.80365046292476,100.55373796775709,104.14681482832731
private_debt_pct_gdp,favourable,combination,2027,94.35923437138823,79.60705841304214,85.81414174116739,94.75194786665318,102.87936293228604,107.84562052021214
private_debt_pct_gdp,favourable,combination,2028,93.36928924956187,72.7467023570092,82.16050331003862,93.51722538446069,105.02015683669416,113.48613760152926
private_debt_pct_gdp,favourable,combination,2029,91.99618814961246,65.6190971746759,78.02232522640679,92.38996606918293,106.5547861925967,116.28261280521036
private_debt_pct_gdp,favourable,combination,2030,90.77300148701214,58.20287125461271,73.48316625301497,91.17624240904831,108.54044965238108,121.54382042846001
private_debt_pct_gdp,favourable,equal_weights,2026,95.47851561771664,85.38877880619953,89.76121455442943,95.6069242789288,100.89961220715973,104.7752965163396
private_debt_pct_gdp,favourable,equal_weights,2027,94.09158673535968,77.39219951075297,85.07471432266118,94.52825856349227,103.19344847113751,109.38647443628616
private_debt_pct_gdp,favourable,equal_weights,2028,92.6112819084402,70.51116929051119,79.8588586090322,92.93873401533259,105.6834479891367,113.33497950384859
private_debt_pct_gdp,favourable,equal_weights,2029,91.01252281514559,62.09679684915652,75.00415992217235,91.16789359811685,107.14447071897351,118.79982545407262
private_debt_pct_gdp,favourable,equal_weights,2030,90.32215341423138,54.97588222267506,70.35835581259039,90.9211549468321,109.94475979187555,123.99711322701681
potential_growth,favourable,arima,2026,2.329780071702547,1.263129226367126,1.6947273516014247,2.3297148413325544,2.969803149372441,3.405096846632699
potential_growth,favourable,arima,2027,2.5312777777911895,0.6271967883190183,1.37353852533887,2.5296610734918357,3.7029084302433737,4.414565593319637
potential_growth,favourable,arima,2028,2.6215871388746286,0.05087618390013296,1.004506402694531,2.6149837426598994,4.224932945636064,5.256955895212952
potential_growth,favourable,arima,2029,2.6812819030435597,-0.677849662717217,0.7073377397610575,2.7258547230659107,4.648134288197505,5.989032921031029
potential_growth,favourable,arima,2030,2.6632215257079896,-1.3927181399808373,0.2430057655421035,2.6988911389986145,5.117989781487776,6.593063257381101
potential_growth,favourable,ar1,2026,1.9989751056251481,0.7725233200689159,1.2415901740682604,2.007980130807149,2.7508466749827525,3.2254796131715353
potential_growth,favourable,ar1,2027,2.0342599480807113,0.36526512086528207,1.017466130287688,2.038253833645107,3.079218968576607,3.7537020907506045
potential_growth,favourable,ar1,2028,2.013890561076559,0.008762486333084154,0.7772274055438516,2.042935432985699,3.206094084031691,3.8926402714634287
potential_growth,favourable,ar1,2029,1.9588796217766549,-0.36289133300631626,0.6080406048421105,1.9623901372890133,3.300727103428062,4.208744654897285
potential_growth,favourable,ar1,2030,1.916985498480253,-0.388016270283753,0.4491130659491339,1.9100895660097885,3.2856567798597873,4.27778108662021
potential_growth,favourable,structural,2026,2.6164749000422045,-0.045238064902133286,0.9741922097533635,2.65285109244503,4.221658267699058,5.100546817059151
potential_growth,favourable,structural,2027,2.524129389503697,-0.37471960798373555,0.8076922738819051,2.524687499602074,4.243168718406655,5.516399404268775
potential_growth,favourable,structural,2028,2.521832859491511,-0.5443779241772634,0.6696387004172445,2.543089531465803,4.400878539018287,5.6364271502430565
potential_growth,favourable,structural,2029,2.588728783455054,-0.6060505825216883,0.5672283671691515,2.60527700931239,4.521870835812186,5.736128341690219
potential_growth,favourable,structural,2030,2.718479148780339,-0.7293786732477436,0.6515838550924357,2.747550166668833,4.848708162069124,6.264344390495368
potential_growth,favourable,combination,2026,2.414321262210467,0.43292911431248143,1.3217179143117332,2.307884358466683,3.5905457949882327,4.556361846889103
potential_growth,favourable,combination,2027,2.4178910672350913,0.06079638831440364,0.9719518042911748,2.3822516759354313,3.8133732650923005,5.0277098676867
potential_growth,favourable,combination,2028,2.406150668721519,-0.28490915337729295,0.7571914347516046,2.3736854560128444,4.076214321831884,5.244139142092095
potential_growth,favourable,combination,2029,2.439262392567703,-0.5629041987999204,0.5588080700089347,2.4228503645717714,4.260001127288704,5.6149309531985
potential_growth,favourable,combination,2030,2.5405466960065857,-0.7246090758930065,0.5804383695731221,2.438564563452341,4.515010931022721,6.11892781680119
potential_growth,favourable,equal_weights,2026,2.334932994201353,0.5368804434060456,1.3418541049508526,2.282553754818326,3.3170968683838224,4.368384326016729
potential_growth,favourable,equal_weights,2027,2.3310955340001214,0.20602681070208992,1.0468006417751878,2.2896849238712145,3.6473535093897786,4.6365569397074475
potential_growth,favourable,equal_weights,2028,2.4089496341985557,-0.12209301337297966,0.7674119751532276,2.382554010024653,4.009559712204524,5.210980152051249
potential_growth,favourable,equal_weights,2029,2.3920984595226433,-0.5203448556574729,0.5530629230416693,2.3669954442275456,4.149859782933605,5.508750490781121
potential_growth,favourable,equal_weights,2030,2.463378620003739,-0.855978260242764,0.429642110104077,2.365906752981516,4.449795147705113,6.090565025882796
gdp_pc_pps,favourable,arima,2026,28842.65706418722,27155.07167678945,27830.946827987034,28835.41115883032,29853.049780215377,30539.135811005068
gdp_pc_pps,favourable,arima,2027,28918.82662018311,26178.90928764655,27193.970091998224,28964.049318086094,30598.586707880833,31596.994621617134
gdp_pc_pps,favourable,arima,2028,29014.610647327474,25263.555458212093,26801.889315344044,29057.06801838675,31209.581773435897,32735.955425242442
gdp_pc_pps,favourable,arima,2029,28964.1064698698,24393.102556584065,26276.65143397948,28979.04059627468,31661.144421573474,33379.44101791479
gdp_pc_pps,favourable,arima,2030,28965.82284349874,23846.479190944094,25813.201643273787,28901.47054717409,32086.230218647004,34281.25967306366
gdp_pc_pps,favourable,llt,2026,29748.914910684583,27939.161092951766,28625.818347564582,29805.46152422564,30882.556905360412,31576.421567124635
gdp_pc_pps,favourable,llt,2027,31145.487278961547,27918.15027653484,29203.913140760567,31196.719457982585,33041.08878276538,34327.721017484815
gdp_pc_pps,favourable,llt,2028,32541.62827848308,27768.297195997984,29586.735794768727,32541.88486856444,35458.90534187729,37190.877918579536
gdp_pc_pps,favourable,llt,2029,33736.315525478145,27156.57190894642,29619.7872776339,33754.051237503205,37788.411119139666,40276.89487378114
gdp_pc_pps,favourable,llt,2030,35313.62114555087,26818.45267676461,29876.145397924345,35234.501626423924,40436.01053288089,43947.24967006727
gdp_pc_pps,favourable,structural,2026,29967.44031792495,28987.361363812146,29374.69174937036,29963.96916470868,30573.804156547078,30925.9278698729
gdp_pc_pps,favourable,structural,2027,31408.347217834642,29697.20196360559,30335.678493090454,31391.347620597997,32466.29041179948,33155.52091848292
gdp_pc_pps,favourable,structural,2028,32849.50418388035,30345.754085060824,31328.659538220643,32762.522485204798,34416.27781629139,35492.492912722584
gdp_pc_pps,favourable,structural,2029,34324.742743871066,31016.07151770797,32232.890042581446,34226.29923668632,36431.18324299068,37824.60915668038
gdp_pc_pps,favourable,structural,2030,35883.32473045772,31733.441007015343,33342.4944808318,35697.66871077816,38453.10868246526,40518.31805731878
gdp_pc_pps,favourable,combination,2026,29609.61314444209,27769.747663204627,28640.43156230699,29744.12382855403,30519.602702387478,31053.57960686113
gdp_pc_pps,favourable,combination,2027,30644.472033167443,27152.876358832305,28867.55326005221,30886.55999062756,32332.024842992774,33267.656883487674
gdp_pc_pps,favourable,combination,2028,31702.456492239056,26790.152419510905,28869.528633605198,32052.513077641153,34244.80630147747,35736.27231242753
gdp_pc_pps,favourable,combination,2029,32705.95083529549,26432.7687364624,28752.939376576578,33039.979103749225,36178.97674222885,38289.855397466796
gdp_pc_pps,favourable,combination,2030,33877.109249424924,25770.741127915393,28755.65970785005,34312.75478605887,38275.02505580103,41038.229327975234
gdp_pc_pps,favourable,equal_weights,2026,29519.994935286733,27703.117078350027,28459.65035730326,29624.597694820146,30486.04168464357,31080.038631095777
gdp_pc_pps,favourable,equal_weights,2027,30483.740283446143,27020.53469601748,28470.349203546306,30663.539400928006,32279.177666062267,33463.81626444035
gdp_pc_pps,favourable,equal_weights,2028,31543.060017735486,26638.995198252025,28498.286044843033,31722.870568041348,34362.033571188374,36047.77067030779
gdp_pc_pps,favourable,equal_weights,2029,32338.19917116479,25847.896235840235,28308.0869753178,32522.995693550376,36016.779777471544,38476.09149721598
gdp_pc_pps,favourable,equal_weights,2030,33497.34915094973,25242.45520884896,28248.53802264653,33743.69128773718,38459.05101294782,41639.4033453672
population_mn,favourable,arima,2026,10.373108538255693,10.336123333997588,10.351340730527737,10.373261960578821,10.394530759245313,10.409869722969308
population_mn,favourable,arima,2027,10.392609145645878,10.318007520810578,10.346872490673313,10.392493102246391,10.43866891242846,10.466235829464592
population_mn,favourable,arima,2028,10.418436996319182,10.30102993725392,10.34802462957489,10.417075427121006,10.489477673249189,10.54075284488563
population_mn,favourable,arima,2029,10.452536461695855,10.296825496606052,10.353385443874306,10.451390269677944,10.548632494723641,10.616737955376385
population_mn,favourable,arima,2030,10.486484161142334,10.281019928208277,10.36117958455636,10.48640562816022,10.60966680546198,10.689353130708
population_mn,favourable,llt,2026,10.361077979408533,10.320590592009815,10.337226828847871,10.361530873303476,10.385696738877565,10.399728403995049
population_mn,favourable,llt,2027,10.3566412863088,10.268505716673873,10.300905918467551,10.355888300958457,10.410970565834663,10.446435211262546
population_mn,favourable,llt,2028,10.350272155760711,10.205938171958739,10.257947733405347,10.349188593217232,10.44182925253925,10.503455077431711
population_mn,favourable,llt,2029,10.342615872799303,10.123676889434247,10.205031283093232,10.34768250133088,10.476761194312447,10.559506760520957
population_mn,favourable,llt,2030,10.330581380855843,10.040210871458733,10.15207663730333,10.336151553357551,10.5017542137497,10.635989454686968
population_mn,favourable,structural,2026,10.370138958200638,10.336813285000638,10.349504082680228,10.36974312813835,10.391418099376754,10.404962578701445
population_mn,favourable,structural,2027,10.378368303645367,10.316944852797034,10.341105375828274,10.37811683105285,10.415950049982277,10.441418340609873
population_mn,favourable,structural,2028,10.387669197549055,10.30198799845838,10.335002767227081,10.38742553326311,10.441358828177282,10.472510936553798
population_mn,favourable,structural,2029,10.396909026032212,10.284138219638233,10.330897060358877,10.397315018325976,10.462822056342704,10.501592476361836
population_mn,favourable,structural,2030,10.405613879668644,10.272275836585235,10.327485755049727,10.40809654950616,10.485706998162826,10.532450282855
population_mn,favourable,combination,2026,10.368449222295416,10.332963334502375,10.346054570787777,10.368677646516756,10.39148310088973,10.405695528193382
population_mn,favourable,combination,2027,10.3762517324033,10.298017428299511,10.331760517897903,10.377166095462044,10.420652752116576,10.451934623519426
population_mn,favourable,combination,2028,10.38632859446564,10.259083097673049,10.316313301997912,10.387162048306998,10.454028525000325,10.505996218242482
population_mn,favourable,combination,2029,10.39583843113632,10.216696369416045,10.307358301965591,10.39915386924923,10.488394485784488,10.553107730595075
population_mn,favourable,combination,2030,10.41104466001243,10.179757982350152,10.297623341067098,10.41334576479204,10.529162738342368,10.635261092189442
population_mn,favourable,equal_weights,2026,10.367799174029447,10.329090790380778,10.345220404070188,10.367666798065947,10.391095688430646,10.404887822397505
population_mn,favourable,equal_weights,2027,10.375980219283184,10.292229637459876,10.328570731485605,10.376971861902387,10.425397140258406,10.452804887094967
population_mn,favourable,equal_weights,2028,10.38478968361398,10.246240245375914,10.309920893478079,10.386175564078721,10.459861959041675,10.511933905156631
population_mn,favourable,equal_weights,2029,10.39258646806167,10.18826350248184,10.287272869175728,10.397343033243963,10.496425856352877,10.575763901573268
population_mn,favourable,equal_weights,2030,10.408737809649914,10.14694663472594,10.27518218244663,10.416571586897955,10.539972839958365,10.644886764586104
